,data_type,input_data,output_message
0,train,cosine similarity가 뭐야?,코사인 유사도는 두 벡터의 방향이 비슷한지를 -1.0 ~ +1.0 의 값으로 나타낸 거야! 벡터 크기 대신 방향을 중요하게 보는 것이 핵심 아이디어지! 😊
1,train,코사인 유사도가 뭐야?,코사인 유사도는 두 벡터가 있을 때 그 벡터의 크기는 안 보고 방향이 비슷한지만 보는 값이야! -1.0 ~ +1.0 사이로 나타내지!
2,train,코사인 유사도 계산법 알려줘,"차원, 즉 원소 개수가 같은 2개의 벡터에 대해 그 각도의 코사인 값을 구하면 돼!"
3,train,코사인 유사도의 특징을 알려줘,"코사인 유사도는 서로 방향이 일치하면 +1.0, 수직이면 0.0, 정반대 방향이면 -1.0의 값을 가져! 😊"
4,train,머신러닝에서 많이 쓰이는 평가지표 알려줘,"머신러닝 모델의 성능을 평가할 때는 Accuracy (정확도), Recall, Precision, F1 Score 같은 것이 대표적으로 사용돼!"
5,train,Accuracy 는 어떻게 계산해?,Accuracy 는 말 그대로 모델이 얼마나 잘 맞혔는지를 평가하는 정확도야! (True Positive + True Negative) / (전체 테스트 데이터 개수) 로 계산해!
6,train,True Positive 같은 건 뭐야?,True Positive (TP) 는 모델이 참으로 예측했으면서 실제로도 참인 데이터 개수!
7,train,True Negative 는?,True Negative (TN) 는 True Positive 와는 반대로 모델이 거짓으로 예측했는데 실제로도 거짓인 것의 개수야! 😊
8,train,False Positive 는 뭐지 그럼?,False Positive (FP) 는 모델은 참이라고 예측했지만 실제로는 거짓인 데이터를 의미해!
9,train,False Negative 는 뭐야 그러면?,False Negative (FN) 은 False Positive 와는 반대로 모델은 거짓이라고 추측했지만 실제로는 참인 데이터야!
10,train,Recall 은 어떻게 계산해?,Recall 은 실제로 참인 것을 모델이 얼마나 많이 찾았는지를 나타내는 것으로 (True Positive) / (True Positive + False Negative) 로 계산해!
11,train,Recall 은 뭐야?,Recall 은 모델이 실제로 Positive 인 데이터를 얼마나 많이 찾았는지를 나타내는 비율이야! 😊 (True Positive) / (True Positive + False Negative) 로 계산하지!
12,train,Precision 은 어떻게 계산하지,"Precision 은 모델이 참으로 예측한 것 중에 실제로 참인 것의 비율로, (True Positive) / (True Positive + False Positive) 로 계산하면 돼! 😊"
13,train,Recall 과 Precision 이 자꾸 헷갈리네,"Recall 은 False Negative 에 의해 떨어지고, Precision 은 False Positive 에 의해 떨어진다고 생각하면 기억하기 쉬울걸? 😊"
14,train,F1 이 뭔지 알려줘,F1 Score 는 Recall 과 Precision 의 조화 평균값이야! 😊
15,train,F1 Score 구하는 수식을 알려줘,F1 Score = 2 * Precision * Recall / (Precision + Recall) 로 계산하면 돼! 이때 둘 중 하나가 0일 수도 있으니까 개발할 때는 조심하고! 😊
16,train,F1 Score 장점이 뭐야?,F1 Score 는 모델이 예측을 실패한 2가지 경우인 False Negative 와 False Positive 를 모두 고려한다는 게 장점이지! 😊
17,train,IoU 가 뭔지 알려줘,IoU 는 (교집합의 크기) / (합집합의 크기) 개념으로 수식으로는 True Positive / (True Positive + False Positive + False Negative) 로 구하면 돼! 😊
18,train,특이도라는 걸 봤는데 그게 뭔지 궁금해!,특이도는 실제로 False 인 데이터 중 모델이 False 로 예측한 것의 비율이야!
19,train,이진 분류에서 쓰이는 Metric 을 알려줘!,이진 분류에서만 쓸 수 있는 Metric 에는 PR-AUC 와 ROC-AUC 가 있어! 자세히 알려줄까? 😊
20,train,PR-AUC랑 ROC-AUC가 뭐야?,"PR-AUC는 x축을 recall, y축을 precision이라고 했을 때 이 측정값들을 연결한 그래프 아래쪽 넓이야! ROC-AUC는 x축을 False Positive Rate, y축을 True Positive Rate 로 했을 때 그걸 연결한 그래프 아래쪽의 넓이고!"
21,train,PR-AUC가 뭔지 자세히 알려줘!,"PR-AUC는 x축은 recall, y축은 precision으로 했을 때 recall이 커지면 precision이 작아지잖아? 그 측정값들을 연결한 그래프 아래쪽 넓이야! 값이 커서 1에 가까울수록 성능이 좋지!"
22,train,ROC-AUC가 뭔지 아주 자세히 알려줘,"ROC-AUC는 x축을 False Positive Rate, y축을 True Positive Rate 라고 했을 때 x가 커질수록 y가 커지지? 근데 모델 성능이 좋으면 x=0 에 가까울 때도 y=1에 가까우니까, 그 아래쪽 넓이로 측정하는 거야! 넓이가 1에 가깝게 커질수록 성능이 좋지! 😊"
23,train,True Positive Rate 가 뭐야? 궁금해!,True Positive Rate 는 recall 의 다른 이름이야! 😊
24,train,False Positive Rate 는 뭐지 그러면?,False Positive Rate 는 False Positive / (False Positive + True Negative) 로 계산하지! 실제 Negative 인 것들 중 모델이 Positive 로 예측한 비율이야! 😊
25,train,Confusion Matrix 가 뭐야?,"Confusion Matrix 는 모델의 예측 중 True Positive, True Negative, False Positive, False Negative 의 개수와 Recall, Precision 을 알기 쉽게 나타낸 표야! 😊"
26,train,Confusion Matrix 만드는 법을 알려줘,"첫 행에는 '실제 값 = True', '실제 값 = False', 'Precision' 을 순서대로 쓰고, 첫 열에는 '예측 = True', '예측 = False', 'Recall' 순서대로 쓴 다음 각 값을 계산하면 빠르게 만들 수 있어! 😊"
27,train,"실제 산업에서 불량품을 Positive 라고 하면 Precision, Recall 중 뭐가 더 중요해?",정답은 Recall! 😊 이건 불량품을 실제로 모델이 불량품으로 검출한 비율인데 이게 낮으면 불량품을 제대로 찾을 수 없다는 뜻이니까 문제가 되지!
28,train,Normalization 이 뭐야?,Normalization (정규화) 는 데이터를 머신러닝 모델이 잘 학습할 수 있도록 일정한 규칙에 따라 값을 변환해 주는 거야! 😊
29,train,정규화가 뭔지 궁금해,"정규화는 데이터 전처리에서 필수적인 방법 중 하나로, 데이터를 일정한 수식으로 변환하는 거야! 😊 대표적으로 min-max, z-score 정규화가 있지!"
30,valid,코사인 유사도가 뭔지 궁금해,
31,valid,Cosine Similarity 에 대해 알려줘!,
32,valid,Cosine Similarity 는 어떻게 계산하지?,
33,valid,코사인 유사도 특징이 뭐야?,
34,valid,머신러닝 모델 평가하는 방법 알려줘,
35,valid,Accuracy 계산 어떻게 하지?,
36,valid,True Positive 가 뭐야?,
37,valid,True Negative 는 뭔지 궁금해 그럼,
38,valid,False Positive 알려줘,
39,valid,False Negative (FN),
40,valid,Recall 계산법 어떻게 하는 거지?,
41,valid,Recall 이 뭐야?,
42,valid,Precision 어떻게 계산하는지 정말 궁금해,
43,valid,Recall Precision 이거 헷갈리는데 잘 외우는 법 없을까?,
44,valid,F1 Score 가 뭐야?,
45,valid,F1 Score 계산식 알려줘,
46,valid,F1 Score 는 왜 쓰는 거지?,
47,valid,IoU 라는 게 있는데 뭔지 궁금해,
48,valid,특이도는 뭐야?,
49,valid,이진 분류에서는 어떤 성능평가 지표가 쓰이지?,
50,valid,"PR-AUC, ROC-AUC 가 뭐야?",
51,valid,PR-AUC 에 대해 아주 자세히 알려줘,
52,valid,ROC-AUC 는 뭔지 정말 궁금해,
53,valid,True Positive Rate 구하는 방법을 알려줘,
54,valid,False Positive Rate 가 뭔지 정말 궁금하다,
55,valid,Confusion Matrix (혼동 행렬) 이 뭐야?,
56,valid,Confusion Matrix 는 그럼 어떻게 만들어?,
57,valid,불량품 최소화해야 하면 불량이 Positive 일 때 Recall 이랑 Precision 중에 뭐가 더 좋지?,
58,valid,Normalization 정규화 그게 뭐야?,
59,valid,정규화가 뭐지? 정말 궁금해!,
