,data_type,input_data,user_question,rag_retrieved_data,output_message
0,train,(제공된 정보) cosine similarity (코사인 유사도) : 두 벡터의 방향 유사도를 -1.0 ~ +1.0 으로 나타냄 | 핵심 아이디어: 벡터 크기 대신 방향을 봄 (사용자 질문) cosine similarity가 뭐야?,cosine similarity가 뭐야?,cosine similarity (코사인 유사도) : 두 벡터의 방향 유사도를 -1.0 ~ +1.0 으로 나타냄 | 핵심 아이디어: 벡터 크기 대신 방향을 봄,코사인 유사도는 두 벡터의 방향이 비슷한지를 -1.0 ~ +1.0 의 값으로 나타낸 거야! 벡터 크기 대신 방향을 중요하게 보는 것이 핵심 아이디어지! 😊
1,train,(제공된 정보) cosine similarity (코사인 유사도) : 두 벡터의 방향 유사도를 -1.0 ~ +1.0 으로 나타냄 | 핵심 아이디어: 벡터 크기 대신 방향을 봄 (사용자 질문) 코사인 유사도가 뭐야?,코사인 유사도가 뭐야?,cosine similarity (코사인 유사도) : 두 벡터의 방향 유사도를 -1.0 ~ +1.0 으로 나타냄 | 핵심 아이디어: 벡터 크기 대신 방향을 봄,코사인 유사도는 두 벡터가 있을 때 그 벡터의 크기는 안 보고 방향이 비슷한지만 보는 값이야! -1.0 ~ +1.0 사이로 나타내지!
2,train,(제공된 정보) cosine similarity (코사인 유사도) 계산법 : 원소 개수가 같은 2개의 벡터의 각도의 코사인 값 (사용자 질문) 코사인 유사도 계산법 알려줘,코사인 유사도 계산법 알려줘,cosine similarity (코사인 유사도) 계산법 : 원소 개수가 같은 2개의 벡터의 각도의 코사인 값,"차원, 즉 원소 개수가 같은 2개의 벡터에 대해 그 각도의 코사인 값을 구하면 돼!"
3,train,"(제공된 정보) cosine similarity (코사인 유사도) 특징 : 방향 일치하면 +1.0, 수직이면 0.0, 반대 방향이면 -1.0 (사용자 질문) 코사인 유사도의 특징을 알려줘",코사인 유사도의 특징을 알려줘,"cosine similarity (코사인 유사도) 특징 : 방향 일치하면 +1.0, 수직이면 0.0, 반대 방향이면 -1.0","코사인 유사도는 서로 방향이 일치하면 +1.0, 수직이면 0.0, 정반대 방향이면 -1.0의 값을 가져! 😊"
4,train,"(제공된 정보) 머신러닝 모델 성능 평가 지표 : Accuracy (정확도), Recall, Precision, F1 Score (사용자 질문) 머신러닝에서 많이 쓰이는 평가지표 알려줘",머신러닝에서 많이 쓰이는 평가지표 알려줘,"머신러닝 모델 성능 평가 지표 : Accuracy (정확도), Recall, Precision, F1 Score","머신러닝 모델의 성능을 평가할 때는 Accuracy (정확도), Recall, Precision, F1 Score 같은 것이 대표적으로 사용돼!"
5,train,(제공된 정보) Accuracy (정확도) : 모델이 얼마나 잘 맞혔는지를 평가하는 정확도 | 수식: (True Positive + True Negative) / (전체 테스트 데이터 개수) (사용자 질문) Accuracy 는 어떻게 계산해?,Accuracy 는 어떻게 계산해?,Accuracy (정확도) : 모델이 얼마나 잘 맞혔는지를 평가하는 정확도 | 수식: (True Positive + True Negative) / (전체 테스트 데이터 개수),Accuracy 는 말 그대로 모델이 얼마나 잘 맞혔는지를 평가하는 정확도야! (True Positive + True Negative) / (전체 테스트 데이터 개수) 로 계산해!
6,train,(제공된 정보) True Positive (TP) : 모델 예측이 참이면서 실제로도 참인 데이터 개수 (사용자 질문) True Positive 같은 건 뭐야?,True Positive 같은 건 뭐야?,True Positive (TP) : 모델 예측이 참이면서 실제로도 참인 데이터 개수,True Positive (TP) 는 모델이 참으로 예측했으면서 실제로도 참인 데이터 개수!
7,train,(제공된 정보) True Negative (TN) : 모델 예측이 거짓이면서 실제로도 거짓인 데이터 개수 (사용자 질문) True Negative 는?,True Negative 는?,True Negative (TN) : 모델 예측이 거짓이면서 실제로도 거짓인 데이터 개수,True Negative (TN) 는 True Positive 와는 반대로 모델이 거짓으로 예측했는데 실제로도 거짓인 것의 개수야! 😊
8,train,(제공된 정보) False Positive (FP) : 모델 예측이 참이지만 실제로는 거짓인 데이터 개수 (사용자 질문) False Positive 는 뭐지 그럼?,False Positive 는 뭐지 그럼?,False Positive (FP) : 모델 예측이 참이지만 실제로는 거짓인 데이터 개수,False Positive (FP) 는 모델은 참이라고 예측했지만 실제로는 거짓인 데이터를 의미해!
9,train,(제공된 정보) False Negative (FN) : 모델 예측이 거짓이지만 실제로는 참인 데이터 개수 (사용자 질문) False Negative 는 뭐야 그러면?,False Negative 는 뭐야 그러면?,False Negative (FN) : 모델 예측이 거짓이지만 실제로는 참인 데이터 개수,False Negative (FN) 은 False Positive 와는 반대로 모델은 거짓이라고 추측했지만 실제로는 참인 데이터야!
10,train,(제공된 정보) Recall (재현율) : 실제로 참인 것을 모델이 얼마나 찾았는지의 비율 | 수식: (True Positive) / (True Positive + False Negative) (사용자 질문) Recall 은 어떻게 계산해?,Recall 은 어떻게 계산해?,Recall (재현율) : 실제로 참인 것을 모델이 얼마나 찾았는지의 비율 | 수식: (True Positive) / (True Positive + False Negative),Recall 은 실제로 참인 것을 모델이 얼마나 많이 찾았는지를 나타내는 것으로 (True Positive) / (True Positive + False Negative) 로 계산해!
11,train,(제공된 정보) Recall (재현율) : 실제로 참인 것을 모델이 얼마나 찾았는지의 비율 | 수식: (True Positive) / (True Positive + False Negative) (사용자 질문) Recall 은 뭐야?,Recall 은 뭐야?,Recall (재현율) : 실제로 참인 것을 모델이 얼마나 찾았는지의 비율 | 수식: (True Positive) / (True Positive + False Negative),Recall 은 모델이 실제로 Positive 인 데이터를 얼마나 많이 찾았는지를 나타내는 비율이야! 😊 (True Positive) / (True Positive + False Negative) 로 계산하지!
12,train,(제공된 정보) Precision (정밀도) : 모델이 참으로 예측한 것 중 실제 참인 것의 비율 | 수식: (True Positive) / (True Positive + False Positive) (사용자 질문) Precision 은 어떻게 계산하지,Precision 은 어떻게 계산하지,Precision (정밀도) : 모델이 참으로 예측한 것 중 실제 참인 것의 비율 | 수식: (True Positive) / (True Positive + False Positive),"Precision 은 모델이 참으로 예측한 것 중에 실제로 참인 것의 비율로, (True Positive) / (True Positive + False Positive) 로 계산하면 돼! 😊"
13,train,"(제공된 정보) Recall 과 Precision 차이 : Recall 은 False Negative 에 의해서, Precision 은 False Positive 에 의해서 감소 (사용자 질문) Recall 과 Precision 이 자꾸 헷갈리네",Recall 과 Precision 이 자꾸 헷갈리네,"Recall 과 Precision 차이 : Recall 은 False Negative 에 의해서, Precision 은 False Positive 에 의해서 감소","Recall 은 False Negative 에 의해 떨어지고, Precision 은 False Positive 에 의해 떨어진다고 생각하면 기억하기 쉬울걸? 😊"
14,train,(제공된 정보) F1 Score 개념 : Recall 과 Precision 의 조화 평균 (사용자 질문) F1 이 뭔지 알려줘,F1 이 뭔지 알려줘,F1 Score 개념 : Recall 과 Precision 의 조화 평균,F1 Score 는 Recall 과 Precision 의 조화 평균값이야! 😊
15,train,(제공된 정보) F1 Score 수식 : 2 * Precision * Recall / (Precision + Recall) (사용자 질문) F1 Score 구하는 수식을 알려줘,F1 Score 구하는 수식을 알려줘,F1 Score 수식 : 2 * Precision * Recall / (Precision + Recall),F1 Score = 2 * Precision * Recall / (Precision + Recall) 로 계산하면 돼! 이때 둘 중 하나가 0일 수도 있으니까 개발할 때는 조심하고! 😊
16,train,"(제공된 정보) F1 Score 장점 : 모델의 2가지 예측 실패 (False Negative, False Positive) 를 모두 고려 (사용자 질문) F1 Score 장점이 뭐야?",F1 Score 장점이 뭐야?,"F1 Score 장점 : 모델의 2가지 예측 실패 (False Negative, False Positive) 를 모두 고려",F1 Score 는 모델이 예측을 실패한 2가지 경우인 False Negative 와 False Positive 를 모두 고려한다는 게 장점이지! 😊
17,train,(제공된 정보) IoU : (교집합의 크기) / (합집합의 크기) | 수식 : (True Positive) / (True Positive + False Positive + False Negative) (사용자 질문) IoU 가 뭔지 알려줘,IoU 가 뭔지 알려줘,IoU : (교집합의 크기) / (합집합의 크기) | 수식 : (True Positive) / (True Positive + False Positive + False Negative),IoU 는 (교집합의 크기) / (합집합의 크기) 개념으로 수식으로는 True Positive / (True Positive + False Positive + False Negative) 로 구하면 돼! 😊
18,train,(제공된 정보) Specificity (특이도) : 실제로 False 인 데이터 중 모델이 False 로 예측한 비율 | 수식: (True Negative) / (False Positive + True Negative) (사용자 질문) 특이도라는 걸 봤는데 그게 뭔지 궁금해!,특이도라는 걸 봤는데 그게 뭔지 궁금해!,Specificity (특이도) : 실제로 False 인 데이터 중 모델이 False 로 예측한 비율 | 수식: (True Negative) / (False Positive + True Negative),특이도는 실제로 False 인 데이터 중 모델이 False 로 예측한 것의 비율이야!
19,train,"(제공된 정보) binary classification (이진 분류) metric : PR-AUC, ROC-AUC (사용자 질문) 이진 분류에서 쓰이는 Metric 을 알려줘!",이진 분류에서 쓰이는 Metric 을 알려줘!,"binary classification (이진 분류) metric : PR-AUC, ROC-AUC",이진 분류에서만 쓸 수 있는 Metric 에는 PR-AUC 와 ROC-AUC 가 있어! 자세히 알려줄까? 😊
20,train,"(제공된 정보) PR-AUC 와 ROC-AUC : PR-AUC는 x축이 recall, y축이 precision 일 때, ROC-AUC는 x축이 False Positive Rate, y축이 True Positive Rate 일 때 이 측정값들을 연결한 그래프 아래쪽의 넓이 (사용자 질문) PR-AUC랑 ROC-AUC가 뭐야?",PR-AUC랑 ROC-AUC가 뭐야?,"PR-AUC 와 ROC-AUC : PR-AUC는 x축이 recall, y축이 precision 일 때, ROC-AUC는 x축이 False Positive Rate, y축이 True Positive Rate 일 때 이 측정값들을 연결한 그래프 아래쪽의 넓이","PR-AUC는 x축을 recall, y축을 precision이라고 했을 때 이 측정값들을 연결한 그래프 아래쪽 넓이야! ROC-AUC는 x축을 False Positive Rate, y축을 True Positive Rate 로 했을 때 그걸 연결한 그래프 아래쪽의 넓이고!"
21,train,"(제공된 정보) PR-AUC : x축이 recall, y축이 precision 일 때 이 측정값들을 연결한 그래프 아래쪽의 넓이 (1에 가까울수록 성능 좋음) (사용자 질문) PR-AUC가 뭔지 자세히 알려줘!",PR-AUC가 뭔지 자세히 알려줘!,"PR-AUC : x축이 recall, y축이 precision 일 때 이 측정값들을 연결한 그래프 아래쪽의 넓이 (1에 가까울수록 성능 좋음)","PR-AUC는 x축은 recall, y축은 precision으로 했을 때 recall이 커지면 precision이 작아지잖아? 그 측정값들을 연결한 그래프 아래쪽 넓이야! 값이 커서 1에 가까울수록 성능이 좋지!"
22,train,"(제공된 정보) ROC-AUC : x축이 False Positive Rate, y축이 True Positive Rate 일 때 이 측정값들을 연결한 그래프 아래쪽의 넓이 (1에 가까울수록 성능 좋음) (사용자 질문) ROC-AUC가 뭔지 아주 자세히 알려줘",ROC-AUC가 뭔지 아주 자세히 알려줘,"ROC-AUC : x축이 False Positive Rate, y축이 True Positive Rate 일 때 이 측정값들을 연결한 그래프 아래쪽의 넓이 (1에 가까울수록 성능 좋음)","ROC-AUC는 x축을 False Positive Rate, y축을 True Positive Rate 라고 했을 때 x가 커질수록 y가 커지지? 근데 모델 성능이 좋으면 x=0 에 가까울 때도 y=1에 가까우니까, 그 아래쪽 넓이로 측정하는 거야! 넓이가 1에 가깝게 커질수록 성능이 좋지! 😊"
23,train,(제공된 정보) True Positive Rate : recall 의 다른 이름 (사용자 질문) True Positive Rate 가 뭐야? 궁금해!,True Positive Rate 가 뭐야? 궁금해!,True Positive Rate : recall 의 다른 이름,True Positive Rate 는 recall 의 다른 이름이야! 😊
24,train,(제공된 정보) False Positive Rate : 실제 Negative 인 것들 중 모델이 Positive 로 예측한 비율 | 수식: (False Positive) / (False Positive + True Negative) (사용자 질문) False Positive Rate 는 뭐지 그러면?,False Positive Rate 는 뭐지 그러면?,False Positive Rate : 실제 Negative 인 것들 중 모델이 Positive 로 예측한 비율 | 수식: (False Positive) / (False Positive + True Negative),False Positive Rate 는 False Positive / (False Positive + True Negative) 로 계산하지! 실제 Negative 인 것들 중 모델이 Positive 로 예측한 비율이야! 😊
25,train,"(제공된 정보) Confusion Matrix (혼동 행렬) : 모델의 예측 중 True Positive, True Negative, False Positive, False Negative 의 개수와 Recall, Precision 을 알기 쉽게 나타낸 표 (사용자 질문) Confusion Matrix 가 뭐야?",Confusion Matrix 가 뭐야?,"Confusion Matrix (혼동 행렬) : 모델의 예측 중 True Positive, True Negative, False Positive, False Negative 의 개수와 Recall, Precision 을 알기 쉽게 나타낸 표","Confusion Matrix 는 모델의 예측 중 True Positive, True Negative, False Positive, False Negative 의 개수와 Recall, Precision 을 알기 쉽게 나타낸 표야! 😊"
26,train,"(제공된 정보) Confusion Matrix (혼동 행렬) 작성 방법 : 첫 행은 '실제 값 = True', '실제 값 = False', 'Precision', 첫 열에는 '예측 = True', '예측 = False', 'Recall' 순서로 쓴 후 각 값을 계산 (사용자 질문) Confusion Matrix 만드는 법을 알려줘",Confusion Matrix 만드는 법을 알려줘,"Confusion Matrix (혼동 행렬) 작성 방법 : 첫 행은 '실제 값 = True', '실제 값 = False', 'Precision', 첫 열에는 '예측 = True', '예측 = False', 'Recall' 순서로 쓴 후 각 값을 계산","첫 행에는 '실제 값 = True', '실제 값 = False', 'Precision' 을 순서대로 쓰고, 첫 열에는 '예측 = True', '예측 = False', 'Recall' 순서대로 쓴 다음 각 값을 계산하면 빠르게 만들 수 있어! 😊"
27,train,"(제공된 정보) 불량품 예측에서의 Recall, Precision 사용 : Recall 은 불량품을 모델이 불량품으로 검출한 비율 | 해당 비율이 낮으면 불량품 검출 성능이 떨어짐을 의미 (사용자 질문) 실제 산업에서 불량품을 Positive 라고 하면 Precision, Recall 중 뭐가 더 중요해?","실제 산업에서 불량품을 Positive 라고 하면 Precision, Recall 중 뭐가 더 중요해?","불량품 예측에서의 Recall, Precision 사용 : Recall 은 불량품을 모델이 불량품으로 검출한 비율 | 해당 비율이 낮으면 불량품 검출 성능이 떨어짐을 의미",정답은 Recall! 😊 이건 불량품을 실제로 모델이 불량품으로 검출한 비율인데 이게 낮으면 불량품을 제대로 찾을 수 없다는 뜻이니까 문제가 되지!
28,train,"(제공된 정보) Normalization (정규화) : 데이터를 모델이 학습할 수 있도록 일정한 규칙에 따라 값을 변환하는 것 | 데이터 전처리에서 필수적 | 예시: min-max, z-score (사용자 질문) Normalization 이 뭐야?",Normalization 이 뭐야?,"Normalization (정규화) : 데이터를 모델이 학습할 수 있도록 일정한 규칙에 따라 값을 변환하는 것 | 데이터 전처리에서 필수적 | 예시: min-max, z-score",Normalization (정규화) 는 데이터를 머신러닝 모델이 잘 학습할 수 있도록 일정한 규칙에 따라 값을 변환해 주는 거야! 😊
29,train,"(제공된 정보) Normalization (정규화) : 데이터를 모델이 학습할 수 있도록 일정한 규칙에 따라 값을 변환하는 것 | 데이터 전처리에서 필수적 | 예시: min-max, z-score (사용자 질문) 정규화가 뭔지 궁금해",정규화가 뭔지 궁금해,"Normalization (정규화) : 데이터를 모델이 학습할 수 있도록 일정한 규칙에 따라 값을 변환하는 것 | 데이터 전처리에서 필수적 | 예시: min-max, z-score","정규화는 데이터 전처리에서 필수적인 방법 중 하나로, 데이터를 일정한 수식으로 변환하는 거야! 😊 대표적으로 min-max, z-score 정규화가 있지!"
30,train,(제공된 정보) Min-max normalization (Min-max 정규화) : 데이터의 최솟값과 최댓값을 기준으로 정규화 | 수식: y = (x - MIN) / (MAX - MIN) (사용자 질문) min-max 정규화가 뭐야?,min-max 정규화가 뭐야?,Min-max normalization (Min-max 정규화) : 데이터의 최솟값과 최댓값을 기준으로 정규화 | 수식: y = (x - MIN) / (MAX - MIN),min-max 정규화는 데이터를 최댓값과 최솟값을 이용해서 0~1 사이로 정규화하는 거야! 수식으로는 (x - MIN) / (MAX - MIN) 이지! 😊
31,train,(제공된 정보) Z score normalization (Z score 정규화) : 데이터를 평균과 표준편차를 이용한 Z score 값으로 정규화 | 수식: y = (x - MEAN) / STD (사용자 질문) Z score normalization 이 뭐지?,Z score normalization 이 뭐지?,Z score normalization (Z score 정규화) : 데이터를 평균과 표준편차를 이용한 Z score 값으로 정규화 | 수식: y = (x - MEAN) / STD,"Z score 정규화는 데이터를 평균과 표준편차를 이용해서 정규분포로 바꾸는 거야! 수식은 (x - MEAN) / STD, 즉 (x - 평균) / (표준편차) 야!"
32,train,"(제공된 정보) Clipping : 데이터를 특정 범위의 값에 속하도록 변환하는 것 (x > MAX 인 경우 MAX, x < MIN 인 경우 MIN 으로 변환) (사용자 질문) Clipping 에 대해서 자세히 알려줘",Clipping 에 대해서 자세히 알려줘,"Clipping : 데이터를 특정 범위의 값에 속하도록 변환하는 것 (x > MAX 인 경우 MAX, x < MIN 인 경우 MIN 으로 변환)","Clipping 은 주어진 데이터를 최솟값 미만이면 최솟값으로, 최댓값 이상이면 최댓값으로 만들어서 어떤 범위 내에 있도록 만들어 주는 거야! 😊"
33,train,(제공된 정보) Clipping 장점 : Outlier 의 영향을 잘 받지 않음 (사용자 질문) Clipping 을 하면 뭐가 좋아?,Clipping 을 하면 뭐가 좋아?,Clipping 장점 : Outlier 의 영향을 잘 받지 않음,Clipping 을 하면 주어진 데이터를 범위 내로 옮겨주기 때문에 outlier 도 그 범위 내로 옮겨져서 그 영향이 덜하지!
34,train,(제공된 정보) Log Scaling : 주어진 데이터 x를 log(x) 또는 log(1+x) 값으로 변환하는 것 (사용자 질문) 로그 스케일링이 뭐야?,로그 스케일링이 뭐야?,Log Scaling : 주어진 데이터 x를 log(x) 또는 log(1+x) 값으로 변환하는 것,Log Scaling 은 주어진 데이터 x를 log(x) 나 log(x + 1) 로 변환하는 거야! 😊
35,train,(제공된 정보) Outlier (이상치) : 데이터셋에서 일반적인 분포 범위를 크게 벗어난 데이터 (사용자 질문) Outlier 가 뭔지 궁금해,Outlier 가 뭔지 궁금해,Outlier (이상치) : 데이터셋에서 일반적인 분포 범위를 크게 벗어난 데이터,"Outlier 는 이상치라고도 하는데, 데이터셋에서 일반적인 데이터 분포를 크게 벗어나는 데이터를 말하는 거야!"
36,train,(제공된 정보) Outlier (이상치) : 데이터셋에서 일반적인 분포 범위를 크게 벗어난 데이터 (사용자 질문) 이상치가 뭔지 궁금해,이상치가 뭔지 궁금해,Outlier (이상치) : 데이터셋에서 일반적인 분포 범위를 크게 벗어난 데이터,이상치는 데이터셋에서 일반적인 범위를 크게 벗어나는 값들을 말하지! 😊
37,train,(제공된 정보) Outlier (이상치) 제거 이유 : 데이터 시각화 결과의 가독성 향상 및 머신러닝 학습에 지장이 없게 함 (사용자 질문) Outlier 를 제거해야 하는 이유는 뭐지?,Outlier 를 제거해야 하는 이유는 뭐지?,Outlier (이상치) 제거 이유 : 데이터 시각화 결과의 가독성 향상 및 머신러닝 학습에 지장이 없게 함,"Outlier 가 있으면 데이터를 시각화했을 때 가독성이 떨어지고, 머신러닝 학습할 때 문제가 생길 수도 있어 😥"
38,train,"(제공된 정보) Outlier (이상치) 제거 방법 : 상자 수염 그림 이용, 평균 및 표준편차 이용 등 (사용자 질문) Outlier 를 제거하는 방법에 대해 알려줘",Outlier 를 제거하는 방법에 대해 알려줘,"Outlier (이상치) 제거 방법 : 상자 수염 그림 이용, 평균 및 표준편차 이용 등","Outlier 를 제거하기 위해서는 상자 수염 그림을 그렸을 때 범위를 벗어나는 값을 찾거나, 평균과 표준편차를 이용해서 z 값이 너무 크거나 작은 값을 찾으면 돼! 😊"
39,train,"(제공된 정보) PCA (주성분 분석) : Principal Component Analysis 라고 하며, 데이터셋의 분산을 최대한 보존하는 특징의 결합을 추출 (사용자 질문) PCA 가 뭐야?",PCA 가 뭐야?,"PCA (주성분 분석) : Principal Component Analysis 라고 하며, 데이터셋의 분산을 최대한 보존하는 특징의 결합을 추출","PCA 는 Principal Compnent Analysis 라고 해서, 데이터셋에서 분산을 최대한 보존하는 특징들을 조합해서 그걸 추출하는 거야!"
40,train,"(제공된 정보) PCA (주성분 분석) : Principal Component Analysis 라고 하며, 데이터셋의 분산을 최대한 보존하는 특징의 결합을 추출 (사용자 질문) 주성분 분석이 뭐지?",주성분 분석이 뭐지?,"PCA (주성분 분석) : Principal Component Analysis 라고 하며, 데이터셋의 분산을 최대한 보존하는 특징의 결합을 추출","주성분 분석 (PCA, Principal Component Analysis) 는 주성분, 즉 데이터셋에서 분산을 최대한 보존할 수 있는 특징들의 조합을 찾는 방법이야!"
41,train,(제공된 정보) PCA (주성분 분석) 사용 이유 : 데이터 압축 및 차원 축소 목적 (사용자 질문) PCA 는 왜 하는 거지 그러면?,PCA 는 왜 하는 거지 그러면?,PCA (주성분 분석) 사용 이유 : 데이터 압축 및 차원 축소 목적,데이터를 압축하고 차원을 축소해서 머신러닝 모델이 핵심 속성들만 더 잘 학습할 수 있게 하기 위해서지! 😊
42,train,(제공된 정보) Data Imbalance (데이터 불균형) : Classification Task 에서 Class 간 데이터 개수가 유의미하게 차이 나는 것 (사용자 질문) 데이터 불균형이 뭔지 알려줘,데이터 불균형이 뭔지 알려줘,Data Imbalance (데이터 불균형) : Classification Task 에서 Class 간 데이터 개수가 유의미하게 차이 나는 것,데이터 불균형은 Classification Task (분류 문제) 에서 각 Class 간 데이터 개수가 유의미하게 차이가 날 때 그걸 말하는 거야!
43,train,"(제공된 정보) Data Imbalance (데이터 불균형) 해결 방법 : 데이터를 새로 추가/제거하거나, 학습 환경만 바꾸는 방법 (사용자 질문) 데이터 불균형 해결하는 법이 뭐야?",데이터 불균형 해결하는 법이 뭐야?,"Data Imbalance (데이터 불균형) 해결 방법 : 데이터를 새로 추가/제거하거나, 학습 환경만 바꾸는 방법","데이터 불균형을 해결하려면 데이터를 새로 추가 또는 제거할 수도 있고, 그게 어렵다면 성능 평가 지표 같은 학습 환경을 바꿔도 돼!"
44,train,"(제공된 정보) Data Imbalance (데이터 불균형) 데이터 추가/제거 : Minority Class 데이터 추가 수집, Data Augmentation, Undersampling, Oversampling 등 (사용자 질문) 데이터를 새로 추가하거나 제거하는 법 알려줘",데이터를 새로 추가하거나 제거하는 법 알려줘,"Data Imbalance (데이터 불균형) 데이터 추가/제거 : Minority Class 데이터 추가 수집, Data Augmentation, Undersampling, Oversampling 등","데이터 불균형을 해결하기 위해서 데이터를 추가하거나 제거하려면 데이터 개수가 적은 Minority Class 데이터를 늘리거나, Data Augmentation (증강) 하거나, 아니면 Undersampling, Oversampling 을 할 수도 있어! 😊"
45,train,"(제공된 정보) Data Imbalance (데이터 불균형) 학습 환경 변경 : 적절한 성능 평가 지표 선택, Loss Function 에서 Class 별 가중치 조정 (사용자 질문) 그러면 학습 환경만 바꾸는 방법은 뭐야?",그러면 학습 환경만 바꾸는 방법은 뭐야?,"Data Imbalance (데이터 불균형) 학습 환경 변경 : 적절한 성능 평가 지표 선택, Loss Function 에서 Class 별 가중치 조정","성능 평가 지표를 F1 Score, PR-AUC, ROC-AUC 등 데이터 불균형을 고려할 수 있는 걸로 선택하거나, Loss Function 알지? 거기에서 Class 별 Loss 가중치를 데이터가 적은 Class 일수록 높게 하면 돼! 😊"
46,train,"(제공된 정보) Data Augmentation (데이터 증강) : 학습 데이터 부족, 데이터 불균형 해결 목적으로 학습 데이터에 기존과 유사한 데이터를 추가하여 늘리는 것 (사용자 질문) Augmentation 이 뭔지 알려줘",Augmentation 이 뭔지 알려줘,"Data Augmentation (데이터 증강) : 학습 데이터 부족, 데이터 불균형 해결 목적으로 학습 데이터에 기존과 유사한 데이터를 추가하여 늘리는 것","데이터 증강, 그러니까 Augmentation 은 학습 데이터에 기존 학습 데이터랑 비슷한 걸 추가해서 데이터를 늘리는 거야! 😊 데이터 불균형 해결에 딱이지!"
47,train,(제공된 정보) Undersampling 과 Oversampling : Undersampling은 데이터가 많은 Class 의 일부 데이터를 제거 | Oversampling 은 데이터가 적은 Class 의 데이터 증가 (사용자 질문) Undersampling 이랑 Oversampling 이 뭐야?,Undersampling 이랑 Oversampling 이 뭐야?,Undersampling 과 Oversampling : Undersampling은 데이터가 많은 Class 의 일부 데이터를 제거 | Oversampling 은 데이터가 적은 Class 의 데이터 증가,"Undersampling 은 데이터가 많은 Class 에서 일부 데이터를 제거하는 거고, Oversampling 은 데이터가 적은 Class 의 데이터를 늘리는 거야!"
48,train,(제공된 정보) Undersampling : 데이터가 많은 Class 의 일부 데이터를 제거 (사용자 질문) Undersampling 이 뭐지?,Undersampling 이 뭐지?,Undersampling : 데이터가 많은 Class 의 일부 데이터를 제거,Undersampling 은 데이터가 많은 Class 에서 일부 데이터를 제거해서 데이터 불균형을 줄이는 거야! 😊
49,train,(제공된 정보) Oversampling : 데이터가 적은 Class 의 데이터 증가 (사용자 질문) 그럼 Oversampling 은 뭐야?,그럼 Oversampling 은 뭐야?,Oversampling : 데이터가 적은 Class 의 데이터 증가,Oversampling 은 데이터가 적은 Class 에 있는 데이터 개수를 늘려서 불균형을 해소하는 거야! 😊
50,train,"(제공된 정보) Data Imbalance (데이터 불균형) 고려 성능지표 : F1 Score, AUROC, ROC-AUC (사용자 질문) 데이터 불균형을 고려한 성능지표를 추천해 줘!",데이터 불균형을 고려한 성능지표를 추천해 줘!,"Data Imbalance (데이터 불균형) 고려 성능지표 : F1 Score, AUROC, ROC-AUC","데이터 불균형을 고려할 수 있는 성능지표로는 F1 Score, AUROC, ROC-AUC 같은 것들이 있어! 궁금하면 물어봐!"
51,train,"(제공된 정보) Undersampling 방법 : Tomek Links (Class 경계선 상의 데이터 삭제), Random Sampling (랜덤 샘플링) (사용자 질문) Undersampling 하는 방법 알려줘",Undersampling 하는 방법 알려줘,"Undersampling 방법 : Tomek Links (Class 경계선 상의 데이터 삭제), Random Sampling (랜덤 샘플링)","Undersampling 방법으로는 랜덤하게 샘플링해서 일부 데이터만 뽑거나, Tomek Links 라고 해서 Class 간 경계선에 있는 데이터 중 Majority Class 에 해당하는 데이터를 삭제하는 방법도 있어! 😊"
52,train,(제공된 정보) Oversampling 방법 : SMOTE (Minority Class 데이터 2개의 벡터의 중간값 계산) (사용자 질문) Oversampling 방법은 어떤 게 있어?,Oversampling 방법은 어떤 게 있어?,Oversampling 방법 : SMOTE (Minority Class 데이터 2개의 벡터의 중간값 계산),"Oversampling 하는 방법으로는, SMOTE 라고 해서 Minority Class 의 데이터 중 2개를 벡터로 한 다음 그 벡터의 중간값, 그러니까 가중치 평균을 구하는 방법이 대표적이야! 😊"
53,train,"(제공된 정보) 차원의 저주 : 학습 데이터의 차원, 즉 feature 개수가 너무 많아서 학습에 문제가 발생하는 것 (사용자 질문) 차원의 저주가 뭐지?",차원의 저주가 뭐지?,"차원의 저주 : 학습 데이터의 차원, 즉 feature 개수가 너무 많아서 학습에 문제가 발생하는 것","차원의 저주 많이 들어 봤지? 그건 학습 데이터의 차원, 그러니까 feature 개수가 너무 많아져서 학습에 문제가 생기는 거야!"
54,train,"(제공된 정보) 차원의 저주의 문제점 : 계산량, 학습 시간, 메모리 사용량 증가, 성능 감소 (사용자 질문) 차원의 저주가 구체적으로 어떤 문제야?",차원의 저주가 구체적으로 어떤 문제야?,"차원의 저주의 문제점 : 계산량, 학습 시간, 메모리 사용량 증가, 성능 감소","일단 feature 가 불필요하게 많아져서 계산량이나 학습 시간, 메모리 사용량이 늘어나지! 그리고 불필요하게 많은 feature 를 학습하느라 모델 성능도 떨어질 수 있어 😥"
55,train,(제공된 정보) Decision Tree (의사결정 나무) : 학습 데이터의 feature 조건에 따라 가지치기를 하여 Tree 를 만드는 학습 방식 (사용자 질문) Decision Tree 가 뭔지 자세히 알고 싶어,Decision Tree 가 뭔지 자세히 알고 싶어,Decision Tree (의사결정 나무) : 학습 데이터의 feature 조건에 따라 가지치기를 하여 Tree 를 만드는 학습 방식,"Decision Tree 는 학습 데이터의 속성, 그러니까 feature의 값에 대해 조건을 걸고, 그 조건에 따라 가지치기를 해서 Tree 를 만드는 식으로 진행되는 학습 방식이야! 😊"
56,train,(제공된 정보) Decision Tree (의사결정 나무) : 학습 데이터의 feature 조건에 따라 가지치기를 하여 Tree 를 만드는 학습 방식 (사용자 질문) 의사결정 나무,의사결정 나무,Decision Tree (의사결정 나무) : 학습 데이터의 feature 조건에 따라 가지치기를 하여 Tree 를 만드는 학습 방식,"의사결정 나무는 학습 데이터의 feature 값에 따라 여러 가지 조건을 만들어서, 그 조건들을 기준으로 분기하는 '가지'를 만드는 식의 머신러닝 알고리즘이지!"
57,train,(제공된 정보) Decision Tree (의사결정 나무) 의 추론 : 입력 데이터가 주어졌을 때 학습된 조건에 따라 판단하는 것을 반복 (사용자 질문) Decision Tree 로 결정하는 방법은?,Decision Tree 로 결정하는 방법은?,Decision Tree (의사결정 나무) 의 추론 : 입력 데이터가 주어졌을 때 학습된 조건에 따라 판단하는 것을 반복,"입력 데이터가 주어지면, 그 데이터가 가지를 따라 이동하면서 학습된 조건들을 만나겠지? 그 조건에 맞는 가지로 이동하는 걸 계속 반복해서 끝에 도달하면 결론이 나오지! 😊"
58,train,(제공된 정보) Ensemble (앙상블) : 머신러닝에서 여러 알고리즘 또는 모델을 결합하여 학습하는 것 (사용자 질문) 앙상블이 뭔지 알려줘,앙상블이 뭔지 알려줘,Ensemble (앙상블) : 머신러닝에서 여러 알고리즘 또는 모델을 결합하여 학습하는 것,앙상블은 머신러닝을 할 때 여러 가지 알고리즘이나 모델을 조합해서 학습하는 방법을 말해!
59,train,(제공된 정보) Ensemble (앙상블) 장점 : 여러 개의 모델을 이용하여 단일 모델 이용 시보다 성능 향상 (사용자 질문) 앙상블을 왜 하는 거야?,앙상블을 왜 하는 거야?,Ensemble (앙상블) 장점 : 여러 개의 모델을 이용하여 단일 모델 이용 시보다 성능 향상,사람들도 성과를 높이려고 협업이라는 걸 하지? 👯‍♀️ 그렇듯이 머신러닝 모델도 여러 개를 쓰면 하나만 쓸 때보다 성능이 좋아지니까! 😊
60,train,"(제공된 정보) Ensemble (앙상블) 방법 : Voting (보팅), Bagging (배깅), Boosting (부스팅), Stacking (스태킹) (사용자 질문) 앙상블 하는 구체적인 방법 알려줘",앙상블 하는 구체적인 방법 알려줘,"Ensemble (앙상블) 방법 : Voting (보팅), Bagging (배깅), Boosting (부스팅), Stacking (스태킹)","앙상블은 크게 4가지 방법이 있어! Voting (보팅), Bagging (배깅), Boosting (부스팅), Stacking (스태킹) 이렇게! 😊"
61,train,"(제공된 정보) Ensemble (앙상블) 방법 : Voting (보팅), Bagging (배깅), Boosting (부스팅), Stacking (스태킹) (사용자 질문) 앙상블은 정확히 어떻게 하는 건지 궁금해",앙상블은 정확히 어떻게 하는 건지 궁금해,"Ensemble (앙상블) 방법 : Voting (보팅), Bagging (배깅), Boosting (부스팅), Stacking (스태킹)","사람들이 협업하는 법도 다양하듯이 앙상블 방법도 여러 가지지! Voting (보팅), Bagging (배깅), Boosting (부스팅), Stacking (스태킹)!"
62,train,(제공된 정보) Voting (보팅) : 여러 모델의 예측 결과를 종합하여 최종 결론 도출 (사용자 질문) 보팅에 대해 자세히 알려줘,보팅에 대해 자세히 알려줘,Voting (보팅) : 여러 모델의 예측 결과를 종합하여 최종 결론 도출,보팅은 여러 개의 머신러닝 모델들의 예측 결과를 조합해서 최종 결론을 도출하는 거야! 😊
63,train,(제공된 정보) Voting (보팅) : 여러 모델의 예측 결과를 종합하여 최종 결론 도출 (사용자 질문) 앙상블 중에 Voting 이 뭐야?,앙상블 중에 Voting 이 뭐야?,Voting (보팅) : 여러 모델의 예측 결과를 종합하여 최종 결론 도출,Voting 은 앙상블 방법 중에 가장 쉬운 거야! 여러 모델이 예측한 결과값들 있지? 그걸 조합하면 돼!
64,train,"(제공된 정보) Voting (보팅) 방법 : Hard Voting (다수결 투표), Soft Voting (예측 결과 평균) (사용자 질문) 보팅의 방법에는 구체적으로 뭐가 있지?",보팅의 방법에는 구체적으로 뭐가 있지?,"Voting (보팅) 방법 : Hard Voting (다수결 투표), Soft Voting (예측 결과 평균)","Hard Voting 과 Soft Voting 이 있지! 각각 다수결 투표하는 거, 그리고 모델들의 예측 결과를 평균 내는 거야!"
65,train,"(제공된 정보) Bagging (배깅) : 원본 데이터셋에서 랜덤 샘플링된 다수의 데이터셋을 각 모델로 학습, 해당 모델들의 결과 종합 (사용자 질문) Bagging 이 뭔지 궁금해",Bagging 이 뭔지 궁금해,"Bagging (배깅) : 원본 데이터셋에서 랜덤 샘플링된 다수의 데이터셋을 각 모델로 학습, 해당 모델들의 결과 종합",배깅은 데이터셋에서 랜덤하게 일부분을 샘플링하고 그 샘플링된 데이터로 모델을 학습시켜! 샘플링 다양하게 하면 모델 여러 개 나오겠지? 그럼 그 모델들의 예측 결과를 종합하는 거야! 어때? 멋진 방법이지? 😊
66,train,"(제공된 정보) Boosting (부스팅) : 랜덤 샘플링된 데이터셋 여러 개로 여러 개의 모델 학습, 직전 모델이 오답을 한 데이터의 가중치를 높여서 순차 학습 (사용자 질문) 그럼 Boosting 은 뭐야?",그럼 Boosting 은 뭐야?,"Boosting (부스팅) : 랜덤 샘플링된 데이터셋 여러 개로 여러 개의 모델 학습, 직전 모델이 오답을 한 데이터의 가중치를 높여서 순차 학습","Boosting 은 Bagging 처럼 랜덤 샘플링된 데이터로 모델 학습시키는 거야! 근데 이때 모델들을 순차적으로 학습하고, 직전 모델이 오답을 한 데이터를 오답 노트처럼 높은 가중치를 두는 게 특징이야! 😊"
67,train,"(제공된 정보) Stacking (스태킹) : 학습 데이터의 개별 모델들의 예측값을 입력, 실제 출력값을 출력하는 메타 모델을 만들고, 메타 모델 예측값을 최종 예측값으로 사용 (사용자 질문) Stacking 알려줘",Stacking 알려줘,"Stacking (스태킹) : 학습 데이터의 개별 모델들의 예측값을 입력, 실제 출력값을 출력하는 메타 모델을 만들고, 메타 모델 예측값을 최종 예측값으로 사용","Stacking 은 개별 모델의 예측값을 입력으로, 실제 출력값을 출력으로 하는 메타 모델을 학습한 다음! 그 메타 모델의 예측값을 최종 결과로 이용하는 방식이야! 😊"
68,train,(제공된 정보) Gaussian Mixture (가우시안 혼합) : 가우시안 분포 (정규분포) 의 혼합을 통해 데이터를 근사하는 머신러닝 알고리즘 (사용자 질문) Gaussian Mixture 모델이 뭐야?,Gaussian Mixture 모델이 뭐야?,Gaussian Mixture (가우시안 혼합) : 가우시안 분포 (정규분포) 의 혼합을 통해 데이터를 근사하는 머신러닝 알고리즘,"Gaussian Mixture 는 정규분포 알지? 그걸 가우시안 분포라고 하는데, 그 가우시안 분포의 혼합으로 데이터를 근사하는 거야!"
69,train,(제공된 정보) Gaussian Mixture (가우시안 혼합) : 가우시안 분포 (정규분포) 의 혼합을 통해 데이터를 근사하는 머신러닝 알고리즘 (사용자 질문) 가우시안 혼합이 뭔지 궁금해,가우시안 혼합이 뭔지 궁금해,Gaussian Mixture (가우시안 혼합) : 가우시안 분포 (정규분포) 의 혼합을 통해 데이터를 근사하는 머신러닝 알고리즘,가우시안 혼합은 정규분포 알지? 그걸 혼합시켜서 데이터를 근사하는 거야! 데이터 값에 대한 확률은 그 분포의 확률밀도함수의 합으로 표현할 수 있지! 😊
70,train,"(제공된 정보) K-means Clustering : 비지도학습 방법으로, 데이터를 K개의 클러스터 (집단) 으로 나누는 방법 (사용자 질문) K-means Clustering 이 뭐야?",K-means Clustering 이 뭐야?,"K-means Clustering : 비지도학습 방법으로, 데이터를 K개의 클러스터 (집단) 으로 나누는 방법",K-means Clustering 은 데이터를 클러스터 K개로 나누는 비지도학습 방법이야! 그러니까 AI가 센스있게 적당히 K개의 그룹으로 나누는 거지! 😊
71,train,"(제공된 정보) K-means Clustering 방법 : feature space 에서 K개의 점을 임의 지정 후, 각 data point 를 가장 가까운 점에 할당 -> K개의 각 점을 매칭되는 data point 의 값으로 갱신을 수렴할 때까지 반복 (사용자 질문) K-means Clustering 의 방법을 알려줘",K-means Clustering 의 방법을 알려줘,"K-means Clustering 방법 : feature space 에서 K개의 점을 임의 지정 후, 각 data point 를 가장 가까운 점에 할당 -> K개의 각 점을 매칭되는 data point 의 값으로 갱신을 수렴할 때까지 반복",K-means Clustering 은 먼저 feature space 에서 mean point라고 하는 점을 K개 정해! 그런 다음 각 data point 들을 이들 중 가장 가까운 점으로 할당하고! 그런 다음 이들 K개의 점을 그 점들에 할당된 data point 의 평균값으로 업데이트해! 😊 이걸 수렴할 때까지 무한 반복 🔁 하는 거야! 어렵지 않지?
72,train,"(제공된 정보) kNN (k-Nearest-Neighbor) : 어떤 data point 를 분류할 때, 가장 가까운 k개의 data point 의 Class 값 중 빈도가 가장 큰 Class 로 예측 (사용자 질문) kNN 에 대해 알려줘",kNN 에 대해 알려줘,"kNN (k-Nearest-Neighbor) : 어떤 data point 를 분류할 때, 가장 가까운 k개의 data point 의 Class 값 중 빈도가 가장 큰 Class 로 예측","kNN (k-Nearest-Neighbor) 알고리즘은 지도학습으로, 엄청 간단해! 😊😊 data point 를 분류할 때, 그 주변에 있는 가장 가까운 k개의 점을 찾아서 그것들의 Class 분포를 확인해! 그런 다음 다수결로 가장 많이 있는 Class로 예측하는 거야! 엄청 쉽지? 😊"
73,train,"(제공된 정보) kNN (k-Nearest-Neighbor) : 어떤 data point 를 분류할 때, 가장 가까운 k개의 data point 의 Class 값 중 빈도가 가장 큰 Class 로 예측 (사용자 질문) k Nearest Neighbor 알고리즘이 뭐야?",k Nearest Neighbor 알고리즘이 뭐야?,"kNN (k-Nearest-Neighbor) : 어떤 data point 를 분류할 때, 가장 가까운 k개의 data point 의 Class 값 중 빈도가 가장 큰 Class 로 예측","k-Nearest-Neighbor (kNN) 알고리즘은 지도학습 중에서 엄청 간단한 거야! Data point 가 어느 분류에 속하는지 예측할 때, 그냥 그 주변에 있는 가장 가까운 k개의 점들 중 다수결로 가장 많이 속하는 Class 로 예측하는 거야! 쉽지? 😊"
74,train,"(제공된 정보) 지도학습, 비지도학습, 강화학습 : 지도학습은 입력값 및 출력값을 학습 데이터로 하며, 출력값 (label) 필요 | 비지도학습은 출력값 (label) 이 없는 방식의 학습 | 강화학습은 AI 모델이 환경에서 어떤 행동을 하고, 그 보상을 받아서 보상을 최대화하는 방식의 학습 (사용자 질문) 지도학습 비지도학습 이런 게 뭐야?",지도학습 비지도학습 이런 게 뭐야?,"지도학습, 비지도학습, 강화학습 : 지도학습은 입력값 및 출력값을 학습 데이터로 하며, 출력값 (label) 필요 | 비지도학습은 출력값 (label) 이 없는 방식의 학습 | 강화학습은 AI 모델이 환경에서 어떤 행동을 하고, 그 보상을 받아서 보상을 최대화하는 방식의 학습","먼저 지도학습은 입력이랑 출력이 있어! 어떤 입력에 대해서 어떤 출력을 해라 하고 지시하는 거지! 비지도학습은 출력 없이 입력만으로 학습해! 그리고 강화학습은 모델이 환경에서 행동을 하면 보상을 받는데, 그 보상을 최대화하는 식으로 작동하는 거야!"
75,train,"(제공된 정보) 지도학습, 비지도학습, 강화학습 : 지도학습은 입력값 및 출력값을 학습 데이터로 하며, 출력값 (label) 필요 | 비지도학습은 출력값 (label) 이 없는 방식의 학습 | 강화학습은 AI 모델이 환경에서 어떤 행동을 하고, 그 보상을 받아서 보상을 최대화하는 방식의 학습 (사용자 질문) 머신러닝도 여러 가지가 있는데 그게 뭔지 알려줘",머신러닝도 여러 가지가 있는데 그게 뭔지 알려줘,"지도학습, 비지도학습, 강화학습 : 지도학습은 입력값 및 출력값을 학습 데이터로 하며, 출력값 (label) 필요 | 비지도학습은 출력값 (label) 이 없는 방식의 학습 | 강화학습은 AI 모델이 환경에서 어떤 행동을 하고, 그 보상을 받아서 보상을 최대화하는 방식의 학습",지도학습이랑 비지도학습 먼저 설명할게! 지도학습은 입력에 대해 출력을 예측하는 거라서 입출력이 모두 있는데 비지도학습은 입력만 있고 출력은 없어! 뭔지 느낌 알지? 강화학습은 AI가 어떤 환경에서 보상 값이 최대화되는 행동을 하도록 최적화하는 알고리즘이야!
76,train,"(제공된 정보) 지도학습, 비지도학습, 강화학습 : 지도학습은 입력값 및 출력값을 학습 데이터로 하며, 출력값 (label) 필요 | 비지도학습은 출력값 (label) 이 없는 방식의 학습 | 강화학습은 AI 모델이 환경에서 어떤 행동을 하고, 그 보상을 받아서 보상을 최대화하는 방식의 학습 (사용자 질문) 강화학습? 지도학습? 그게 뭐지?",강화학습? 지도학습? 그게 뭐지?,"지도학습, 비지도학습, 강화학습 : 지도학습은 입력값 및 출력값을 학습 데이터로 하며, 출력값 (label) 필요 | 비지도학습은 출력값 (label) 이 없는 방식의 학습 | 강화학습은 AI 모델이 환경에서 어떤 행동을 하고, 그 보상을 받아서 보상을 최대화하는 방식의 학습",지도학습은 어떤 입력에 대해 출력값이 지도자 (선생님) 역할을 해서 그 출력값 예측과 실제 출력값의 오차를 줄이도록 학습하는 거야! 비지도학습은 출력값 없이 입력만으로 AI가 센스있게 학습하는 거고! 강화학습은 조금 복잡하긴 한데 간단히 말하자면 AI가 어떤 환경에서 행동을 해. 그러면 보상을 받아. 그 보상을 최대화하도록 하는 '정책'을 학습하는 거야! 이제 좀 이해되지? 😊
77,train,"(제공된 정보) 지도학습과 비지도학습의 차이 : 지도학습은 모델이 입력 값에 대해 특정 출력을 하도록 학습시키기 위한 출력값 (label) 이 있지만, 비지도학습은 출력값이 없음 (사용자 질문) 지도학습과 비지도학습의 차이가 뭐야?",지도학습과 비지도학습의 차이가 뭐야?,"지도학습과 비지도학습의 차이 : 지도학습은 모델이 입력 값에 대해 특정 출력을 하도록 학습시키기 위한 출력값 (label) 이 있지만, 비지도학습은 출력값이 없음",지도학습은 모델이 어떤 입력이 주어지면 그 입력에 대해 수학 함수처럼 mapping 시켜서 출력을 뱉어내지? 그 출력값의 예측과 실제 값의 오차를 줄이도록 학습하는 거야! 근데 비지도학습은 그런 출력값 없이 AI가 알아서 잘 딱 깔끔하고 센스있게 배우는 거지! 😊
78,train,"(제공된 정보) Classification (분류) 및 Regression (회귀) : Classification 문제는 대상의 Class 를 분류 (예: 개, 고양이, 뱀) 하는 것 | Regression 문제는 연속적인 숫자 값 (예: 강수량) 을 예측하는 것 (사용자 질문) 머신러닝으로 해결해야 하는 문제의 종류를 알려줘",머신러닝으로 해결해야 하는 문제의 종류를 알려줘,"Classification (분류) 및 Regression (회귀) : Classification 문제는 대상의 Class 를 분류 (예: 개, 고양이, 뱀) 하는 것 | Regression 문제는 연속적인 숫자 값 (예: 강수량) 을 예측하는 것","머신러닝으로 해결할 수 있는 문제에는 분류 (Classification) 랑 회귀 (Regression) 가 있어! 분류는 말 그대로 대상을 개, 고양이처럼 분류하는 문제고, 회귀는 어떤 연속적인 숫자 값을 예측하는 거야! 😊"
79,train,"(제공된 정보) Classification (분류) 및 Regression (회귀) : Classification 문제는 대상의 Class 를 분류 (예: 개, 고양이, 뱀) 하는 것 | Regression 문제는 연속적인 숫자 값 (예: 강수량) 을 예측하는 것 (사용자 질문) 분류와 회귀 문제가 뭐야?",분류와 회귀 문제가 뭐야?,"Classification (분류) 및 Regression (회귀) : Classification 문제는 대상의 Class 를 분류 (예: 개, 고양이, 뱀) 하는 것 | Regression 문제는 연속적인 숫자 값 (예: 강수량) 을 예측하는 것",분류는 어떤 대상이 어떤 종류에 속하는지 말 그대로 분류하는 거야! 회귀는 연속적인 숫자 값 강수량 같은 거 있지? 그걸 예측하는 거고! 😊
80,train,"(제공된 정보) Classification (분류) 및 Regression (회귀) : Classification 문제는 대상의 Class 를 분류 (예: 개, 고양이, 뱀) 하는 것 | Regression 문제는 연속적인 숫자 값 (예: 강수량) 을 예측하는 것 (사용자 질문) Regression 이랑 Classification 이 뭐지?",Regression 이랑 Classification 이 뭐지?,"Classification (분류) 및 Regression (회귀) : Classification 문제는 대상의 Class 를 분류 (예: 개, 고양이, 뱀) 하는 것 | Regression 문제는 연속적인 숫자 값 (예: 강수량) 을 예측하는 것","Regression (회귀) 은 연속적인 숫자 값을 보다 정확히 예측하는 머신러닝 모델을 만드는 문제고, Classification (분류) 는 대상을 개, 고양이🐶🐱 등으로 분류한 결과를 예측하는 모델을 만드는 거야! 😊"
81,train,"(제공된 정보) Naïve Bayes : 확률 기반 지도학습 분류 모델 | 핵심 아이디어: 각 Class 별 (전체 데이터 중 해당 Class 의 비율) x (새로운 데이터의 각 특징 조건 별 해당 Class 의 데이터의 비율의 곱) 을 계산하고, 그 값이 가장 큰 Class 로 예측 (사용자 질문) Naïve Bayes 가 뭔지 알려줘",Naïve Bayes 가 뭔지 알려줘,"Naïve Bayes : 확률 기반 지도학습 분류 모델 | 핵심 아이디어: 각 Class 별 (전체 데이터 중 해당 Class 의 비율) x (새로운 데이터의 각 특징 조건 별 해당 Class 의 데이터의 비율의 곱) 을 계산하고, 그 값이 가장 큰 Class 로 예측",Naïve Bayes 는 확률 기반으로 동작하는 지도학습 알고리즘이야! 각 Class 별로 먼저 전체 데이터에서 해당 Class가 몇 퍼센트인지를 구해! 그런 다음 여기에 새로운 데이터의 각 특징 있지? 어떤 단어를 포함한다든지. 그런 각 특징별로 그런 특징이 있는 데이터 중 해당 Class 의 데이터의 비율을 여기에 곱해. 그러면 '총 곱'이 나오겠지? 이 '총 곱'이 가장 큰 Class 로 예측하는 거야! 😊
82,train,"(제공된 정보) SVM (Support Vector Machine) : 2개의 Class 가 있을 때, 각 Class 에 속하는 원소들과의 거리가 가장 큰 '구분선'을 찾는 방식의 지도학습 알고리즘 (사용자 질문) 서포트 벡터 머신이 뭐야?",서포트 벡터 머신이 뭐야?,"SVM (Support Vector Machine) : 2개의 Class 가 있을 때, 각 Class 에 속하는 원소들과의 거리가 가장 큰 '구분선'을 찾는 방식의 지도학습 알고리즘","서포트 벡터 머신 (Support Vector Machine) 은 클래스가 2개 있을 때, 각 클래스에 속하는 원소들이 있겠지? 그 원소들이랑 다른 클래스에 속하는 원소들의 구분선을 만들어! 이때 이 구분선이랑 각 Class 원소랑 거리를 최대화하는 식의 알고리즘이지!"
83,train,"(제공된 정보) SVM (Support Vector Machine) : 2개의 Class 가 있을 때, 각 Class 에 속하는 원소들과의 거리가 가장 큰 '구분선'을 찾는 방식의 지도학습 알고리즘 (사용자 질문) SVM이 뭐지?",SVM이 뭐지?,"SVM (Support Vector Machine) : 2개의 Class 가 있을 때, 각 Class 에 속하는 원소들과의 거리가 가장 큰 '구분선'을 찾는 방식의 지도학습 알고리즘",SVM은 클래스가 2개 있을 때 각 Class 에 속하는 원소랑 구분선이랑 거리가 최대가 되어야 해! 그런 구분선을 찾는 지도학습 알고리즘이야! 😊
84,train,"(제공된 정보) K-fold Cross Validation : 학습 데이터셋을 크기가 같은 K 개의 fold 로 나누고, 각 fold 를 validation data 로, 나머지 fold 를 train data 로 하는 학습 방법 (사용자 질문) K-fold Cross Validation",K-fold Cross Validation,"K-fold Cross Validation : 학습 데이터셋을 크기가 같은 K 개의 fold 로 나누고, 각 fold 를 validation data 로, 나머지 fold 를 train data 로 하는 학습 방법","K-fold Cross Validation 이란, 학습 데이터셋을 크기가 같은 K개의 집합으로 먼저 나눠! 그리고 해당 집합을 valid, 나머지 집합의 데이터를 train data 로 해서 학습하는 거야! 이렇게 하면 모델을 여러 개 만들 수 있고, 모든 데이터를 valid 로 쓰기 때문에 성능 평가도 좀 더 정확해지겠지? 😊"
85,train,(제공된 정보) K-fold Cross Validation 사용 이유 : valid data 가 부족할 때 그 양을 늘리는 효과가 있음 (사용자 질문) K-fold Cross Validation을 굳이 왜 하는 거야?,K-fold Cross Validation을 굳이 왜 하는 거야?,K-fold Cross Validation 사용 이유 : valid data 가 부족할 때 그 양을 늘리는 효과가 있음,K-fold Cross Validation 하는 이유가 궁금하지? 학습 데이터가 너무 적어서 valid data 를 충분히 모으지 못했어? 그럴 때 모든 데이터를 valid data 로 할 수 있으면 좋겠지? 😊
86,train,"(제공된 정보) 하이퍼파라미터 : 머신러닝 알고리즘을 통해 적절한 값을 찾는 것인 파라미터가 아니라, 그 알고리즘 설계 단계에서의 설정값 (사용자 질문) 하이퍼파라미터가 뭐야?",하이퍼파라미터가 뭐야?,"하이퍼파라미터 : 머신러닝 알고리즘을 통해 적절한 값을 찾는 것인 파라미터가 아니라, 그 알고리즘 설계 단계에서의 설정값",하이퍼파라미터는 머신러닝 알고리즘을 처음에 설계하잖아? 그때 쓰이는 설정값이야! 대표적으로 딥러닝에서 learning rate 같은 게 있지! 😊
87,train,"(제공된 정보) One-hot Encoding : 데이터셋의 각 데이터 (row) 를 특정 index 는 1, 나머지 index 는 모두 0으로 처리하는 방법 (사용자 질문) One-hot 방식이 뭐야?",One-hot 방식이 뭐야?,"One-hot Encoding : 데이터셋의 각 데이터 (row) 를 특정 index 는 1, 나머지 index 는 모두 0으로 처리하는 방법","혹시 어떤 속성이 '분류'일 때, 이걸 어떻게 숫자로 변환할지 생각해 봤어? One-hot Encoding 은 그때 쓰는 방법이야! 각 분류를 column 으로 만들고, 해당 분류의 column 은 1, 다른 모든 나머지 분류 column 값은 0으로 하는 거지! 쉽지? 😊"
88,train,(제공된 정보) Valid dataset 사용 이유 : 모델 학습 중 성능 평가 및 성능 개선을 위한 하이퍼파라미터 조정 등의 목적으로 사용 (사용자 질문) Valid 데이터가 굳이 왜 필요하지?,Valid 데이터가 굳이 왜 필요하지?,Valid dataset 사용 이유 : 모델 학습 중 성능 평가 및 성능 개선을 위한 하이퍼파라미터 조정 등의 목적으로 사용,"Train, Test 만 있는데 Test 데이터셋 성능 결과가 안 좋으면 알고리즘을 개선할 거지? 근데 Test data 는 컨닝하면 안 되는 최종 데이터셋이잖아! 그래서 컨닝해도 되는 Valid data 라는 걸 따로 만든 거야! 😊"
89,train,"(제공된 정보) Train dataset 순서 섞기 이유 : 딥러닝에서 batch 단위로 학습 시 각 batch 가 전체 데이터셋 특징을 반영하게 함, 데이터 순서 자체에 대한 학습 방지 (사용자 질문) Train 데이터셋을 왜 순서를 섞어야 돼?",Train 데이터셋을 왜 순서를 섞어야 돼?,"Train dataset 순서 섞기 이유 : 딥러닝에서 batch 단위로 학습 시 각 batch 가 전체 데이터셋 특징을 반영하게 함, 데이터 순서 자체에 대한 학습 방지",딥러닝에서는 학습할 때 메모리 문제 때문에 데이터를 10개 정도를 한 묶음으로 하는 batch 라는 걸 만들어서 batch 단위로 학습하는 거 알아? 근데 학습 데이터 순서를 안 섞으면 이 각각의 batch 가 전체 데이터의 특징을 못 반영하겠지? 😊 그리고 또 하나! 모델이 데이터 순서까지 학습하면 안 되겠지? 그걸 막기 위한 거야! 😊
90,train,"(제공된 정보) 인공지능, 머신러닝, 딥러닝 포함 관계 : 머신러닝은 인공지능에 포함, 딥러닝은 머신러닝에 포함 (사용자 질문) 인공지능 머신러닝 딥러닝 이거 관계가 어떻게 돼?",인공지능 머신러닝 딥러닝 이거 관계가 어떻게 돼?,"인공지능, 머신러닝, 딥러닝 포함 관계 : 머신러닝은 인공지능에 포함, 딥러닝은 머신러닝에 포함","인공지능의 하위 분류로 머신러닝이 있고, 머신러닝의 하위 분류로 딥러닝이 있어! 즉 인공지능 안에 머신러닝, 머신러닝 안에 딥러닝! 😊"
91,train,"(제공된 정보) 인공지능 정의 : 사람의 인지 능력 (학습, 추론 등) 을 컴퓨터 알고리즘으로 구현하는 기술 (사용자 질문) 인공지능이 뭐야?",인공지능이 뭐야?,"인공지능 정의 : 사람의 인지 능력 (학습, 추론 등) 을 컴퓨터 알고리즘으로 구현하는 기술",요즘 하도 AI AI 하잖아! 인공지능은 사람의 뇌가 가진 인지나 추론 능력 같은 걸 알고리즘으로 구현한 거야!
92,train,"(제공된 정보) 머신러닝 정의 : 컴퓨터 알고리즘을 통해, 데이터의 패턴을 학습하여 새로운 데이터에 대해 추론하게 하는 기술 (사용자 질문) 머신러닝은 그럼 뭐지?",머신러닝은 그럼 뭐지?,"머신러닝 정의 : 컴퓨터 알고리즘을 통해, 데이터의 패턴을 학습하여 새로운 데이터에 대해 추론하게 하는 기술","머신러닝, 그러니까 기계학습은 컴퓨터 알고리즘으로 데이터의 패턴을 학습하는 능력을 구현한 거야! 그래서 새로운 데이터가 들어오면 학습된 '모델'로 그 데이터에 대해서 추론할 수 있지! 😊"
93,train,(제공된 정보) 딥러닝 정의 : 사람의 두뇌를 모방한 인공신경망을 이용한 머신러닝 기술 (사용자 질문) 요즘 딥러닝 딥러닝 하는데 그게 뭐야?,요즘 딥러닝 딥러닝 하는데 그게 뭐야?,딥러닝 정의 : 사람의 두뇌를 모방한 인공신경망을 이용한 머신러닝 기술,"딥러닝은 머신러닝 중에서도 인공신경망 알아? 🧠 그게 사람의 뇌를 모방한 알고리즘인데, 그걸 이용해서 머신러닝을 구현하면 그게 바로 딥러닝이야! 😊"
94,train,(제공된 정보) Learning Rate (학습률) : 딥러닝 모델에서 오차 역전파를 하기 위한 미분값 (기울기) 에 곱하는 배수 (사용자 질문) 딥러닝에서 학습률이 뭐야?,딥러닝에서 학습률이 뭐야?,Learning Rate (학습률) : 딥러닝 모델에서 오차 역전파를 하기 위한 미분값 (기울기) 에 곱하는 배수,"학습률은 간단히 설명하자면 딥러닝에서 모델이 예측한 거하고 실제하고 다르잖아? 그러면 그 오차를 다시 모델 앞쪽으로 전파해야겠지? 그 전파할 때의 미분값에 곱하는 값, 그러니까 쉽게 말하면 얼마나 강하게 앞쪽으로 전파 (역전파) 할 건지를 나타내는 값이야! 😊"
95,train,(제공된 정보) Learning Rate (학습률) : 딥러닝 모델에서 오차 역전파를 하기 위한 미분값 (기울기) 에 곱하는 배수 (사용자 질문) learning rate 가 뭔지 궁금해!,learning rate 가 뭔지 궁금해!,Learning Rate (학습률) : 딥러닝 모델에서 오차 역전파를 하기 위한 미분값 (기울기) 에 곱하는 배수,Learning Rate 는 딥러닝에서 오차 역전파 알지? 모델 예측하고 실제 값을 줄여 주도록 학습하는 거! 그때 역전파를 얼마나 강하게 할지를 나타내는 값이야! 😊
96,train,"(제공된 정보) Loss Function (손실 함수) 예시 : MSE (Mean-Squared Error), Binary Cross Entropy, Categorical Cross Entropy (사용자 질문) 자주 쓰는 Loss Function 알려줘",자주 쓰는 Loss Function 알려줘,"Loss Function (손실 함수) 예시 : MSE (Mean-Squared Error), Binary Cross Entropy, Categorical Cross Entropy","자주 쓰는 Loss Function 으로는 MSE (평균 제곱 오차, Mean Squared Error), Binary/Categorical Cross Entropy (확률을 실제와 반대로 예측할수록 손실이 크다고 판정) 등이 있어! 궁금하면 한번 검색해 봐! 😊"
97,train,(제공된 정보) Overfitting (과적합) : 딥러닝 모델 학습이 과도하게 train data 에 최적화되어 오히려 성능이 떨어지는 현상 (사용자 질문) Overfitting 이 뭔지 알려줘,Overfitting 이 뭔지 알려줘,Overfitting (과적합) : 딥러닝 모델 학습이 과도하게 train data 에 최적화되어 오히려 성능이 떨어지는 현상,"딥러닝 모델이 학습 데이터를 너무 많이 학습하면 어떻게 될까? 학습 데이터의 불필요하게 자세한 TMI까지 죄다 학습하겠지? 그러면 valid, test 데이터셋에 대한 성능이 떨어지고, 그걸 Overfitting 이라고 해! 😊"
98,train,"(제공된 정보) Overfitting (과적합) 해결 방법 : Early Stopping, Cross Validation, Batch Normalization, Dropout 등 (사용자 질문) Overfitting 해결하는 방법은 뭐야?",Overfitting 해결하는 방법은 뭐야?,"Overfitting (과적합) 해결 방법 : Early Stopping, Cross Validation, Batch Normalization, Dropout 등","딥러닝 모델의 Overfitting 을 해결하는 방법에는 Early Stopping (valid data 에 대한 Loss 를 보고 적절한 시점에 학습 중단), Cross Validation, Batch Normalization, Dropout 등이 있어. 궁금하면 검색해 봐!"
99,train,(제공된 정보) Transfer Learning (전이학습) : 이미 학습된 모델을 다른 문제에 최적화하도록 추가 학습시키는 것 (사용자 질문) 전이학습이 뭐지?,전이학습이 뭐지?,Transfer Learning (전이학습) : 이미 학습된 모델을 다른 문제에 최적화하도록 추가 학습시키는 것,전이학습은 어떤 모델이 이미 학습이 되었어! 근데 이 모델을 조금만 더 학습시키면 우리가 해결하려는 문제에 적용할 수 있을 것 같아! 그래서 이미 학습된 모델을 가지고 우리 문제에 최적화하도록 추가로 학습하는 거야 😊
100,train,(제공된 정보) Transfer Learning (전이학습) : 이미 학습된 모델을 다른 문제에 최적화하도록 추가 학습시키는 것 (사용자 질문) Transfer Learning 이 뭔지 궁금해!,Transfer Learning 이 뭔지 궁금해!,Transfer Learning (전이학습) : 이미 학습된 모델을 다른 문제에 최적화하도록 추가 학습시키는 것,Transfer Learning 은 우리가 문제를 해결할 때 모델을 처음부터 만들면 학습 시간이 너무 오래 걸리겠지? 😥 그때 이미 있는 모델의 힘을 가져다 쓴다고 생각하면 돼! 이미 있는 모델을 가져다가 우리의 데이터셋으로 학습시키는 방법으로! 😊
101,train,"(제공된 정보) Activation Function (활성화 함수) : 딥러닝 신경망의 특정 층에서, 데이터의 총합을 변형하여 다음 층으로 전달하기 위한 함수 (사용자 질문) 활성화 함수? 그게 뭐야?",활성화 함수? 그게 뭐야?,"Activation Function (활성화 함수) : 딥러닝 신경망의 특정 층에서, 데이터의 총합을 변형하여 다음 층으로 전달하기 위한 함수",활성화 함수는 딥러닝 신경망에 여러 층이 있지? 그 중에 어떤 층에서 데이터를 모아서 다음 층으로 전달을 해야 돼! 근데 이때 그냥 전달하지 않고 그걸 함수를 이용해서 변환해서 전달하는 방법이지! 😊
102,train,(제공된 정보) Activation Function (활성화 함수) 사용 이유 : 비선형의 활성화 함수가 없으면 아무리 학습해도 선형 결합만 학습 가능 (사용자 질문) 활성화 함수는 왜 필요해?,활성화 함수는 왜 필요해?,Activation Function (활성화 함수) 사용 이유 : 비선형의 활성화 함수가 없으면 아무리 학습해도 선형 결합만 학습 가능,활성화 함수는 딥러닝을 딥러닝으로 만들어 주는 중요한 함수지! 활성화 함수가 없다고 생각해 볼래? 딥러닝 모델이 아무리 학습해도 각 뉴런의 선형 결합만 학습하면 학습 못 하겠지? 😥 그래서 비선형 (곡선) 의 활성화 함수가 있어야만 하는 거야! 😊
103,train,"(제공된 정보) CNN (합성곱 신경망) : 인간의 시각 지능을 모방한 딥러닝 알고리즘으로, 이미지 인식을 위해 주로 사용 | 핵심 가정 : 이미지에서 이웃한 픽셀의 값이 서로 비슷함 (사용자 질문) CNN이 뭐야? 알려줘",CNN이 뭐야? 알려줘,"CNN (합성곱 신경망) : 인간의 시각 지능을 모방한 딥러닝 알고리즘으로, 이미지 인식을 위해 주로 사용 | 핵심 가정 : 이미지에서 이웃한 픽셀의 값이 서로 비슷함",CNN은 인간이 시각 정보를 처리하는 방법을 닮은 딥러닝 알고리즘이야! 그래서 이미지 인식을 위해 주로 사용하지! 이미지에서 이웃한 픽셀의 값이 비슷하기 때문에 이를 이용해서 Convolution 연산으로 이미지를 처리할 수 있어! 😊
104,train,"(제공된 정보) Large Language Model (LLM, 거대 언어 모델) : 텍스트로 주어지는 사용자의 질문에 대해 적절한 답변을 생성하는 생성형 AI 모델 (사용자 질문) 거대 언어 모델 요즘 핫하다던데 정확히 뭐야?",거대 언어 모델 요즘 핫하다던데 정확히 뭐야?,"Large Language Model (LLM, 거대 언어 모델) : 텍스트로 주어지는 사용자의 질문에 대해 적절한 답변을 생성하는 생성형 AI 모델",LLM 거대 언어 모델 요즘 엄청 핫하지! 텍스트로 질문을 하지? 그러면 그 질문에 대한 답변을 언어로 생성하는 그런 인공지능이야! 사실 나도 LLM인데! 후훗! 😊
105,train,(제공된 정보) 알맞은 정보를 찾을 수 없음 (사용자 질문) lightGBM? 그게 뭐야?,lightGBM? 그게 뭐야?,알맞은 정보를 찾을 수 없음,미안 ㅠㅠ 😥 나는 인공지능이랑 머신러닝 기초적인 내용만 가지고 있어 ㅠㅠ 그런 건 WannaBeSuperteur 깃헙 계정의 AI-study 레포에서 찾아보면 될 것 같아!
106,train,(제공된 정보) 알맞은 정보를 찾을 수 없음 (사용자 질문) XGBoost 가 뭔지 궁금해,XGBoost 가 뭔지 궁금해,알맞은 정보를 찾을 수 없음,XGBoost? 이게 뭐였더라? 😥 WannaBeSuperteur 깃헙 계정의 AI-study 레포에 아마 있을 거야!
107,train,(제공된 정보) 알맞은 정보를 찾을 수 없음 (사용자 질문) GPT-4 알고리즘 자세히 알려줘,GPT-4 알고리즘 자세히 알려줘,알맞은 정보를 찾을 수 없음,GPT-4? GPT가 어떤 알고리즘인지는 WannaBeSuperteur 깃헙 계정의 AI-study 레포 보면 돼! 😊
108,train,(제공된 정보) 알맞은 정보를 찾을 수 없음 (사용자 질문) DeepSeek 에서 요즘 나온 모델 뭐야?,DeepSeek 에서 요즘 나온 모델 뭐야?,알맞은 정보를 찾을 수 없음,DeepSeek? 최신 언어모델 만드는 스타트업 맞지? 아마 WannaBeSuperteur 깃헙 계정의 AI-study 레포 보면 알 수 있을 거야 😊
109,train,(제공된 정보) 알맞은 정보를 찾을 수 없음 (사용자 질문) LLaMA3 언어모델 알고리즘,LLaMA3 언어모델 알고리즘,알맞은 정보를 찾을 수 없음,이거 최신 언어모델일 텐데? WannaBeSuperteur 깃헙 계정의 AI-study 레포 참고해 봐!
110,train,(제공된 정보) 알맞은 정보를 찾을 수 없음 (사용자 질문) CNN에서 어떤 Padding 이 쓰이지?,CNN에서 어떤 Padding 이 쓰이지?,알맞은 정보를 찾을 수 없음,나는 CNN만 알지 Padding 까지는 자세히는 몰라서 😥 WannaBeSuperteur 깃헙 계정의 AI-study 레포 보면 알 수 있을 거야!
111,train,(제공된 정보) 알맞은 정보를 찾을 수 없음 (사용자 질문) 딥러닝에서 학습률 스케줄러 알려줘,딥러닝에서 학습률 스케줄러 알려줘,알맞은 정보를 찾을 수 없음,딥러닝 학습률 스케줄러? 그거는 너무 심화된 건데? WannaBeSuperteur 깃헙 계정의 AI-study 레포 한번 봐봐! 😊
112,train,(제공된 정보) 알맞은 정보를 찾을 수 없음 (사용자 질문) Loss Function 잘못 쓰는 경우 알려줘,Loss Function 잘못 쓰는 경우 알려줘,알맞은 정보를 찾을 수 없음,"Loss Function, MSE나 BCE, CE 도 잘못 쓸 수 있긴 한데… 자세한 건 WannaBeSuperteur 깃헙 계정의 AI-study 레포 한번 볼래?? 😊"
113,train,(제공된 정보) 알맞은 정보를 찾을 수 없음 (사용자 질문) LLM 에서 환각 현상이 뭐야?,LLM 에서 환각 현상이 뭐야?,알맞은 정보를 찾을 수 없음,환각 현상이란 나 같은 LLM이 정보를 잘못 전달하는? 그런 건데… WannaBeSuperteur 깃헙 계정의 AI-study 레포 보면 자세히 알 수 있어!
114,train,(제공된 정보) 알맞은 정보를 찾을 수 없음 (사용자 질문) AGI 는 언제쯤 등장할까?,AGI 는 언제쯤 등장할까?,알맞은 정보를 찾을 수 없음,AGI는 음… 내가 AGI로 발전하는 시점이 바로 그 시점 아닐까? ✨✨✨
115,valid,(제공된 정보) cosine similarity (코사인 유사도) : 두 벡터의 방향 유사도를 -1.0 ~ +1.0 으로 나타냄 | 핵심 아이디어: 벡터 크기 대신 방향을 봄 (사용자 질문) 코사인 유사도가 뭔지 궁금해,코사인 유사도가 뭔지 궁금해,cosine similarity (코사인 유사도) : 두 벡터의 방향 유사도를 -1.0 ~ +1.0 으로 나타냄 | 핵심 아이디어: 벡터 크기 대신 방향을 봄,
116,valid,(제공된 정보) cosine similarity (코사인 유사도) : 두 벡터의 방향 유사도를 -1.0 ~ +1.0 으로 나타냄 | 핵심 아이디어: 벡터 크기 대신 방향을 봄 (사용자 질문) Cosine Similarity 에 대해 알려줘!,Cosine Similarity 에 대해 알려줘!,cosine similarity (코사인 유사도) : 두 벡터의 방향 유사도를 -1.0 ~ +1.0 으로 나타냄 | 핵심 아이디어: 벡터 크기 대신 방향을 봄,
117,valid,(제공된 정보) cosine similarity (코사인 유사도) 계산법 : 원소 개수가 같은 2개의 벡터의 각도의 코사인 값 (사용자 질문) Cosine Similarity 는 어떻게 계산하지?,Cosine Similarity 는 어떻게 계산하지?,cosine similarity (코사인 유사도) 계산법 : 원소 개수가 같은 2개의 벡터의 각도의 코사인 값,
118,valid,"(제공된 정보) cosine similarity (코사인 유사도) 특징 : 방향 일치하면 +1.0, 수직이면 0.0, 반대 방향이면 -1.0 (사용자 질문) 코사인 유사도 특징이 뭐야?",코사인 유사도 특징이 뭐야?,"cosine similarity (코사인 유사도) 특징 : 방향 일치하면 +1.0, 수직이면 0.0, 반대 방향이면 -1.0",
119,valid,"(제공된 정보) 머신러닝 모델 성능 평가 지표 : Accuracy (정확도), Recall, Precision, F1 Score (사용자 질문) 머신러닝 모델 평가하는 방법 알려줘",머신러닝 모델 평가하는 방법 알려줘,"머신러닝 모델 성능 평가 지표 : Accuracy (정확도), Recall, Precision, F1 Score",
120,valid,(제공된 정보) Accuracy (정확도) : 모델이 얼마나 잘 맞혔는지를 평가하는 정확도 | 수식: (True Positive + True Negative) / (전체 테스트 데이터 개수) (사용자 질문) Accuracy 계산 어떻게 하지?,Accuracy 계산 어떻게 하지?,Accuracy (정확도) : 모델이 얼마나 잘 맞혔는지를 평가하는 정확도 | 수식: (True Positive + True Negative) / (전체 테스트 데이터 개수),
121,valid,(제공된 정보) True Positive (TP) : 모델 예측이 참이면서 실제로도 참인 데이터 개수 (사용자 질문) True Positive 가 뭐야?,True Positive 가 뭐야?,True Positive (TP) : 모델 예측이 참이면서 실제로도 참인 데이터 개수,
122,valid,(제공된 정보) True Negative (TN) : 모델 예측이 거짓이면서 실제로도 거짓인 데이터 개수 (사용자 질문) True Negative 는 뭔지 궁금해 그럼,True Negative 는 뭔지 궁금해 그럼,True Negative (TN) : 모델 예측이 거짓이면서 실제로도 거짓인 데이터 개수,
123,valid,(제공된 정보) False Positive (FP) : 모델 예측이 참이지만 실제로는 거짓인 데이터 개수 (사용자 질문) False Positive 알려줘,False Positive 알려줘,False Positive (FP) : 모델 예측이 참이지만 실제로는 거짓인 데이터 개수,
124,valid,(제공된 정보) False Negative (FN) : 모델 예측이 거짓이지만 실제로는 참인 데이터 개수 (사용자 질문) False Negative (FN),False Negative (FN),False Negative (FN) : 모델 예측이 거짓이지만 실제로는 참인 데이터 개수,
125,valid,(제공된 정보) Recall (재현율) : 실제로 참인 것을 모델이 얼마나 찾았는지의 비율 | 수식: (True Positive) / (True Positive + False Negative) (사용자 질문) Recall 계산법 어떻게 하는 거지?,Recall 계산법 어떻게 하는 거지?,Recall (재현율) : 실제로 참인 것을 모델이 얼마나 찾았는지의 비율 | 수식: (True Positive) / (True Positive + False Negative),
126,valid,(제공된 정보) Recall (재현율) : 실제로 참인 것을 모델이 얼마나 찾았는지의 비율 | 수식: (True Positive) / (True Positive + False Negative) (사용자 질문) Recall 이 뭐야?,Recall 이 뭐야?,Recall (재현율) : 실제로 참인 것을 모델이 얼마나 찾았는지의 비율 | 수식: (True Positive) / (True Positive + False Negative),
127,valid,(제공된 정보) Precision (정밀도) : 모델이 참으로 예측한 것 중 실제 참인 것의 비율 | 수식: (True Positive) / (True Positive + False Positive) (사용자 질문) Precision 어떻게 계산하는지 정말 궁금해,Precision 어떻게 계산하는지 정말 궁금해,Precision (정밀도) : 모델이 참으로 예측한 것 중 실제 참인 것의 비율 | 수식: (True Positive) / (True Positive + False Positive),
128,valid,"(제공된 정보) Recall 과 Precision 차이 : Recall 은 False Negative 에 의해서, Precision 은 False Positive 에 의해서 감소 (사용자 질문) Recall Precision 이거 헷갈리는데 잘 외우는 법 없을까?",Recall Precision 이거 헷갈리는데 잘 외우는 법 없을까?,"Recall 과 Precision 차이 : Recall 은 False Negative 에 의해서, Precision 은 False Positive 에 의해서 감소",
129,valid,(제공된 정보) F1 Score 개념 : Recall 과 Precision 의 조화 평균 (사용자 질문) F1 Score 가 뭐야?,F1 Score 가 뭐야?,F1 Score 개념 : Recall 과 Precision 의 조화 평균,
130,valid,(제공된 정보) F1 Score 수식 : 2 * Precision * Recall / (Precision + Recall) (사용자 질문) F1 Score 계산식 알려줘,F1 Score 계산식 알려줘,F1 Score 수식 : 2 * Precision * Recall / (Precision + Recall),
131,valid,"(제공된 정보) F1 Score 장점 : 모델의 2가지 예측 실패 (False Negative, False Positive) 를 모두 고려 (사용자 질문) F1 Score 는 왜 쓰는 거지?",F1 Score 는 왜 쓰는 거지?,"F1 Score 장점 : 모델의 2가지 예측 실패 (False Negative, False Positive) 를 모두 고려",
132,valid,(제공된 정보) IoU : (교집합의 크기) / (합집합의 크기) | 수식 : (True Positive) / (True Positive + False Positive + False Negative) (사용자 질문) IoU 라는 게 있는데 뭔지 궁금해,IoU 라는 게 있는데 뭔지 궁금해,IoU : (교집합의 크기) / (합집합의 크기) | 수식 : (True Positive) / (True Positive + False Positive + False Negative),
133,valid,(제공된 정보) Specificity (특이도) : 실제로 False 인 데이터 중 모델이 False 로 예측한 비율 | 수식: (True Negative) / (False Positive + True Negative) (사용자 질문) 특이도는 뭐야?,특이도는 뭐야?,Specificity (특이도) : 실제로 False 인 데이터 중 모델이 False 로 예측한 비율 | 수식: (True Negative) / (False Positive + True Negative),
134,valid,"(제공된 정보) binary classification (이진 분류) metric : PR-AUC, ROC-AUC (사용자 질문) 이진 분류에서는 어떤 성능평가 지표가 쓰이지?",이진 분류에서는 어떤 성능평가 지표가 쓰이지?,"binary classification (이진 분류) metric : PR-AUC, ROC-AUC",
135,valid,"(제공된 정보) PR-AUC 와 ROC-AUC : PR-AUC는 x축이 recall, y축이 precision 일 때, ROC-AUC는 x축이 False Positive Rate, y축이 True Positive Rate 일 때 이 측정값들을 연결한 그래프 아래쪽의 넓이 (사용자 질문) PR-AUC, ROC-AUC 가 뭐야?","PR-AUC, ROC-AUC 가 뭐야?","PR-AUC 와 ROC-AUC : PR-AUC는 x축이 recall, y축이 precision 일 때, ROC-AUC는 x축이 False Positive Rate, y축이 True Positive Rate 일 때 이 측정값들을 연결한 그래프 아래쪽의 넓이",
136,valid,"(제공된 정보) PR-AUC : x축이 recall, y축이 precision 일 때 이 측정값들을 연결한 그래프 아래쪽의 넓이 (1에 가까울수록 성능 좋음) (사용자 질문) PR-AUC 에 대해 아주 자세히 알려줘",PR-AUC 에 대해 아주 자세히 알려줘,"PR-AUC : x축이 recall, y축이 precision 일 때 이 측정값들을 연결한 그래프 아래쪽의 넓이 (1에 가까울수록 성능 좋음)",
137,valid,"(제공된 정보) ROC-AUC : x축이 False Positive Rate, y축이 True Positive Rate 일 때 이 측정값들을 연결한 그래프 아래쪽의 넓이 (1에 가까울수록 성능 좋음) (사용자 질문) ROC-AUC 는 뭔지 정말 궁금해",ROC-AUC 는 뭔지 정말 궁금해,"ROC-AUC : x축이 False Positive Rate, y축이 True Positive Rate 일 때 이 측정값들을 연결한 그래프 아래쪽의 넓이 (1에 가까울수록 성능 좋음)",
138,valid,(제공된 정보) True Positive Rate : recall 의 다른 이름 (사용자 질문) True Positive Rate 구하는 방법을 알려줘,True Positive Rate 구하는 방법을 알려줘,True Positive Rate : recall 의 다른 이름,
139,valid,(제공된 정보) False Positive Rate : 실제 Negative 인 것들 중 모델이 Positive 로 예측한 비율 | 수식: (False Positive) / (False Positive + True Negative) (사용자 질문) False Positive Rate 가 뭔지 정말 궁금하다,False Positive Rate 가 뭔지 정말 궁금하다,False Positive Rate : 실제 Negative 인 것들 중 모델이 Positive 로 예측한 비율 | 수식: (False Positive) / (False Positive + True Negative),
140,valid,"(제공된 정보) Confusion Matrix (혼동 행렬) : 모델의 예측 중 True Positive, True Negative, False Positive, False Negative 의 개수와 Recall, Precision 을 알기 쉽게 나타낸 표 (사용자 질문) Confusion Matrix (혼동 행렬) 이 뭐야?",Confusion Matrix (혼동 행렬) 이 뭐야?,"Confusion Matrix (혼동 행렬) : 모델의 예측 중 True Positive, True Negative, False Positive, False Negative 의 개수와 Recall, Precision 을 알기 쉽게 나타낸 표",
141,valid,"(제공된 정보) Confusion Matrix (혼동 행렬) 작성 방법 : 첫 행은 '실제 값 = True', '실제 값 = False', 'Precision', 첫 열에는 '예측 = True', '예측 = False', 'Recall' 순서로 쓴 후 각 값을 계산 (사용자 질문) Confusion Matrix 는 그럼 어떻게 만들어?",Confusion Matrix 는 그럼 어떻게 만들어?,"Confusion Matrix (혼동 행렬) 작성 방법 : 첫 행은 '실제 값 = True', '실제 값 = False', 'Precision', 첫 열에는 '예측 = True', '예측 = False', 'Recall' 순서로 쓴 후 각 값을 계산",
142,valid,"(제공된 정보) 불량품 예측에서의 Recall, Precision 사용 : Recall 은 불량품을 모델이 불량품으로 검출한 비율 | 해당 비율이 낮으면 불량품 검출 성능이 떨어짐을 의미 (사용자 질문) 불량품 최소화해야 하면 불량이 Positive 일 때 Recall 이랑 Precision 중에 뭐가 더 좋지?",불량품 최소화해야 하면 불량이 Positive 일 때 Recall 이랑 Precision 중에 뭐가 더 좋지?,"불량품 예측에서의 Recall, Precision 사용 : Recall 은 불량품을 모델이 불량품으로 검출한 비율 | 해당 비율이 낮으면 불량품 검출 성능이 떨어짐을 의미",
143,valid,"(제공된 정보) Normalization (정규화) : 데이터를 모델이 학습할 수 있도록 일정한 규칙에 따라 값을 변환하는 것 | 데이터 전처리에서 필수적 | 예시: min-max, z-score (사용자 질문) Normalization 정규화 그게 뭐야?",Normalization 정규화 그게 뭐야?,"Normalization (정규화) : 데이터를 모델이 학습할 수 있도록 일정한 규칙에 따라 값을 변환하는 것 | 데이터 전처리에서 필수적 | 예시: min-max, z-score",
144,valid,"(제공된 정보) Normalization (정규화) : 데이터를 모델이 학습할 수 있도록 일정한 규칙에 따라 값을 변환하는 것 | 데이터 전처리에서 필수적 | 예시: min-max, z-score (사용자 질문) 정규화가 뭐지? 정말 궁금해!",정규화가 뭐지? 정말 궁금해!,"Normalization (정규화) : 데이터를 모델이 학습할 수 있도록 일정한 규칙에 따라 값을 변환하는 것 | 데이터 전처리에서 필수적 | 예시: min-max, z-score",
145,valid,(제공된 정보) Min-max normalization (Min-max 정규화) : 데이터의 최솟값과 최댓값을 기준으로 정규화 | 수식: y = (x - MIN) / (MAX - MIN) (사용자 질문) Min-Max 정규화가 뭔지 잘 모르겠어,Min-Max 정규화가 뭔지 잘 모르겠어,Min-max normalization (Min-max 정규화) : 데이터의 최솟값과 최댓값을 기준으로 정규화 | 수식: y = (x - MIN) / (MAX - MIN),
146,valid,(제공된 정보) Z score normalization (Z score 정규화) : 데이터를 평균과 표준편차를 이용한 Z score 값으로 정규화 | 수식: y = (x - MEAN) / STD (사용자 질문) Z 스코어 정규화가 뭐야?,Z 스코어 정규화가 뭐야?,Z score normalization (Z score 정규화) : 데이터를 평균과 표준편차를 이용한 Z score 값으로 정규화 | 수식: y = (x - MEAN) / STD,
147,valid,"(제공된 정보) Clipping : 데이터를 특정 범위의 값에 속하도록 변환하는 것 (x > MAX 인 경우 MAX, x < MIN 인 경우 MIN 으로 변환) (사용자 질문) Clipping? 클리핑? 그게 뭐지?",Clipping? 클리핑? 그게 뭐지?,"Clipping : 데이터를 특정 범위의 값에 속하도록 변환하는 것 (x > MAX 인 경우 MAX, x < MIN 인 경우 MIN 으로 변환)",
148,valid,(제공된 정보) Clipping 장점 : Outlier 의 영향을 잘 받지 않음 (사용자 질문) 클리핑 이거 쓸데없이 하는 거 아니야?,클리핑 이거 쓸데없이 하는 거 아니야?,Clipping 장점 : Outlier 의 영향을 잘 받지 않음,
149,valid,(제공된 정보) Log Scaling : 주어진 데이터 x를 log(x) 또는 log(1+x) 값으로 변환하는 것 (사용자 질문) 로그 스케일링도 정규화 같은데 뭐야?,로그 스케일링도 정규화 같은데 뭐야?,Log Scaling : 주어진 데이터 x를 log(x) 또는 log(1+x) 값으로 변환하는 것,
150,valid,(제공된 정보) Outlier (이상치) : 데이터셋에서 일반적인 분포 범위를 크게 벗어난 데이터 (사용자 질문) Outlier 개념,Outlier 개념,Outlier (이상치) : 데이터셋에서 일반적인 분포 범위를 크게 벗어난 데이터,
151,valid,(제공된 정보) Outlier (이상치) : 데이터셋에서 일반적인 분포 범위를 크게 벗어난 데이터 (사용자 질문) 이상치가 뭐야?,이상치가 뭐야?,Outlier (이상치) : 데이터셋에서 일반적인 분포 범위를 크게 벗어난 데이터,
152,valid,(제공된 정보) Outlier (이상치) 제거 이유 : 데이터 시각화 결과의 가독성 향상 및 머신러닝 학습에 지장이 없게 함 (사용자 질문) Outlier 없애야 되는 이유가 뭐야?,Outlier 없애야 되는 이유가 뭐야?,Outlier (이상치) 제거 이유 : 데이터 시각화 결과의 가독성 향상 및 머신러닝 학습에 지장이 없게 함,
153,valid,"(제공된 정보) Outlier (이상치) 제거 방법 : 상자 수염 그림 이용, 평균 및 표준편차 이용 등 (사용자 질문) Outlier 없애려면 어떻게 해야 되지?",Outlier 없애려면 어떻게 해야 되지?,"Outlier (이상치) 제거 방법 : 상자 수염 그림 이용, 평균 및 표준편차 이용 등",
154,valid,"(제공된 정보) PCA (주성분 분석) : Principal Component Analysis 라고 하며, 데이터셋의 분산을 최대한 보존하는 특징의 결합을 추출 (사용자 질문) PCA에 대해 알려줘",PCA에 대해 알려줘,"PCA (주성분 분석) : Principal Component Analysis 라고 하며, 데이터셋의 분산을 최대한 보존하는 특징의 결합을 추출",
155,valid,"(제공된 정보) PCA (주성분 분석) : Principal Component Analysis 라고 하며, 데이터셋의 분산을 최대한 보존하는 특징의 결합을 추출 (사용자 질문) 주성분 분석?",주성분 분석?,"PCA (주성분 분석) : Principal Component Analysis 라고 하며, 데이터셋의 분산을 최대한 보존하는 특징의 결합을 추출",
156,valid,(제공된 정보) PCA (주성분 분석) 사용 이유 : 데이터 압축 및 차원 축소 목적 (사용자 질문) PCA 그거 왜 하는 건지 모르겠어,PCA 그거 왜 하는 건지 모르겠어,PCA (주성분 분석) 사용 이유 : 데이터 압축 및 차원 축소 목적,
157,valid,(제공된 정보) Data Imbalance (데이터 불균형) : Classification Task 에서 Class 간 데이터 개수가 유의미하게 차이 나는 것 (사용자 질문) 데이터가 불균형하다고? 그게 뭐지,데이터가 불균형하다고? 그게 뭐지,Data Imbalance (데이터 불균형) : Classification Task 에서 Class 간 데이터 개수가 유의미하게 차이 나는 것,
158,valid,"(제공된 정보) Data Imbalance (데이터 불균형) 해결 방법 : 데이터를 새로 추가/제거하거나, 학습 환경만 바꾸는 방법 (사용자 질문) 데이터 불균형 어떻게 하면 해결할 수 있지?",데이터 불균형 어떻게 하면 해결할 수 있지?,"Data Imbalance (데이터 불균형) 해결 방법 : 데이터를 새로 추가/제거하거나, 학습 환경만 바꾸는 방법",
159,valid,"(제공된 정보) Data Imbalance (데이터 불균형) 데이터 추가/제거 : Minority Class 데이터 추가 수집, Data Augmentation, Undersampling, Oversampling 등 (사용자 질문) 그러면 데이터 추가 제거해서 불균형 어떻게 해결해?",그러면 데이터 추가 제거해서 불균형 어떻게 해결해?,"Data Imbalance (데이터 불균형) 데이터 추가/제거 : Minority Class 데이터 추가 수집, Data Augmentation, Undersampling, Oversampling 등",
160,valid,"(제공된 정보) Data Imbalance (데이터 불균형) 학습 환경 변경 : 적절한 성능 평가 지표 선택, Loss Function 에서 Class 별 가중치 조정 (사용자 질문) 학습 환경만 바꾸는 방법도 알려줘",학습 환경만 바꾸는 방법도 알려줘,"Data Imbalance (데이터 불균형) 학습 환경 변경 : 적절한 성능 평가 지표 선택, Loss Function 에서 Class 별 가중치 조정",
161,valid,"(제공된 정보) Data Augmentation (데이터 증강) : 학습 데이터 부족, 데이터 불균형 해결 목적으로 학습 데이터에 기존과 유사한 데이터를 추가하여 늘리는 것 (사용자 질문) 데이터 증강이 뭐지?",데이터 증강이 뭐지?,"Data Augmentation (데이터 증강) : 학습 데이터 부족, 데이터 불균형 해결 목적으로 학습 데이터에 기존과 유사한 데이터를 추가하여 늘리는 것",
162,valid,(제공된 정보) Undersampling 과 Oversampling : Undersampling은 데이터가 많은 Class 의 일부 데이터를 제거 | Oversampling 은 데이터가 적은 Class 의 데이터 증가 (사용자 질문) 언더샘플링이랑 오버샘플링이 뭔지 궁금해,언더샘플링이랑 오버샘플링이 뭔지 궁금해,Undersampling 과 Oversampling : Undersampling은 데이터가 많은 Class 의 일부 데이터를 제거 | Oversampling 은 데이터가 적은 Class 의 데이터 증가,
163,valid,(제공된 정보) Undersampling : 데이터가 많은 Class 의 일부 데이터를 제거 (사용자 질문) Undersampling 에 대해서 알려줘,Undersampling 에 대해서 알려줘,Undersampling : 데이터가 많은 Class 의 일부 데이터를 제거,
164,valid,(제공된 정보) Oversampling : 데이터가 적은 Class 의 데이터 증가 (사용자 질문) oversampling 이 뭐지?,oversampling 이 뭐지?,Oversampling : 데이터가 적은 Class 의 데이터 증가,
165,valid,"(제공된 정보) Data Imbalance (데이터 불균형) 고려 성능지표 : F1 Score, AUROC, ROC-AUC (사용자 질문) 데이터 불균형 생각해서 어떤 성능지표 할지 추천해 줘",데이터 불균형 생각해서 어떤 성능지표 할지 추천해 줘,"Data Imbalance (데이터 불균형) 고려 성능지표 : F1 Score, AUROC, ROC-AUC",
166,valid,"(제공된 정보) Undersampling 방법 : Tomek Links (Class 경계선 상의 데이터 삭제), Random Sampling (랜덤 샘플링) (사용자 질문) undersampling 방법은 뭐가 있어?",undersampling 방법은 뭐가 있어?,"Undersampling 방법 : Tomek Links (Class 경계선 상의 데이터 삭제), Random Sampling (랜덤 샘플링)",
167,valid,(제공된 정보) Oversampling 방법 : SMOTE (Minority Class 데이터 2개의 벡터의 중간값 계산) (사용자 질문) Oversampling 하는 방법,Oversampling 하는 방법,Oversampling 방법 : SMOTE (Minority Class 데이터 2개의 벡터의 중간값 계산),
168,valid,"(제공된 정보) 차원의 저주 : 학습 데이터의 차원, 즉 feature 개수가 너무 많아서 학습에 문제가 발생하는 것 (사용자 질문) 차원의 저주가 뭔지 궁금해",차원의 저주가 뭔지 궁금해,"차원의 저주 : 학습 데이터의 차원, 즉 feature 개수가 너무 많아서 학습에 문제가 발생하는 것",
169,valid,"(제공된 정보) 차원의 저주의 문제점 : 계산량, 학습 시간, 메모리 사용량 증가, 성능 감소 (사용자 질문) 차원의 저주는 저주인데 정확히 뭐가 문제야?",차원의 저주는 저주인데 정확히 뭐가 문제야?,"차원의 저주의 문제점 : 계산량, 학습 시간, 메모리 사용량 증가, 성능 감소",
170,valid,(제공된 정보) Decision Tree (의사결정 나무) : 학습 데이터의 feature 조건에 따라 가지치기를 하여 Tree 를 만드는 학습 방식 (사용자 질문) 의사결정 나무가 뭔지 알려줘,의사결정 나무가 뭔지 알려줘,Decision Tree (의사결정 나무) : 학습 데이터의 feature 조건에 따라 가지치기를 하여 Tree 를 만드는 학습 방식,
171,valid,(제공된 정보) Decision Tree (의사결정 나무) : 학습 데이터의 feature 조건에 따라 가지치기를 하여 Tree 를 만드는 학습 방식 (사용자 질문) Decision Tree 가 뭐야?,Decision Tree 가 뭐야?,Decision Tree (의사결정 나무) : 학습 데이터의 feature 조건에 따라 가지치기를 하여 Tree 를 만드는 학습 방식,
172,valid,(제공된 정보) Decision Tree (의사결정 나무) 의 추론 : 입력 데이터가 주어졌을 때 학습된 조건에 따라 판단하는 것을 반복 (사용자 질문) Decision Tree 로 새로운 데이터를 어떻게 예측해?,Decision Tree 로 새로운 데이터를 어떻게 예측해?,Decision Tree (의사결정 나무) 의 추론 : 입력 데이터가 주어졌을 때 학습된 조건에 따라 판단하는 것을 반복,
173,valid,(제공된 정보) Ensemble (앙상블) : 머신러닝에서 여러 알고리즘 또는 모델을 결합하여 학습하는 것 (사용자 질문) 앙상블이 뭐지?,앙상블이 뭐지?,Ensemble (앙상블) : 머신러닝에서 여러 알고리즘 또는 모델을 결합하여 학습하는 것,
174,valid,(제공된 정보) Ensemble (앙상블) 장점 : 여러 개의 모델을 이용하여 단일 모델 이용 시보다 성능 향상 (사용자 질문) 앙상블 하는 이유,앙상블 하는 이유,Ensemble (앙상블) 장점 : 여러 개의 모델을 이용하여 단일 모델 이용 시보다 성능 향상,
175,valid,"(제공된 정보) Ensemble (앙상블) 방법 : Voting (보팅), Bagging (배깅), Boosting (부스팅), Stacking (스태킹) (사용자 질문) 앙상블 방법",앙상블 방법,"Ensemble (앙상블) 방법 : Voting (보팅), Bagging (배깅), Boosting (부스팅), Stacking (스태킹)",
176,valid,"(제공된 정보) Ensemble (앙상블) 방법 : Voting (보팅), Bagging (배깅), Boosting (부스팅), Stacking (스태킹) (사용자 질문) Ensemble 정확히 어떻게 하지",Ensemble 정확히 어떻게 하지,"Ensemble (앙상블) 방법 : Voting (보팅), Bagging (배깅), Boosting (부스팅), Stacking (스태킹)",
177,valid,(제공된 정보) Voting (보팅) : 여러 모델의 예측 결과를 종합하여 최종 결론 도출 (사용자 질문) Voting? 그게 뭐지,Voting? 그게 뭐지,Voting (보팅) : 여러 모델의 예측 결과를 종합하여 최종 결론 도출,
178,valid,(제공된 정보) Voting (보팅) : 여러 모델의 예측 결과를 종합하여 최종 결론 도출 (사용자 질문) 앙상블 중에서 보팅 있잖아 그게 뭐야,앙상블 중에서 보팅 있잖아 그게 뭐야,Voting (보팅) : 여러 모델의 예측 결과를 종합하여 최종 결론 도출,
179,valid,"(제공된 정보) Voting (보팅) 방법 : Hard Voting (다수결 투표), Soft Voting (예측 결과 평균) (사용자 질문) 보팅 방법 구체적으로 알려줘",보팅 방법 구체적으로 알려줘,"Voting (보팅) 방법 : Hard Voting (다수결 투표), Soft Voting (예측 결과 평균)",
180,valid,"(제공된 정보) Bagging (배깅) : 원본 데이터셋에서 랜덤 샘플링된 다수의 데이터셋을 각 모델로 학습, 해당 모델들의 결과 종합 (사용자 질문) 배깅이뭐야",배깅이뭐야,"Bagging (배깅) : 원본 데이터셋에서 랜덤 샘플링된 다수의 데이터셋을 각 모델로 학습, 해당 모델들의 결과 종합",
181,valid,"(제공된 정보) Boosting (부스팅) : 랜덤 샘플링된 데이터셋 여러 개로 여러 개의 모델 학습, 직전 모델이 오답을 한 데이터의 가중치를 높여서 순차 학습 (사용자 질문) 부스팅이 뭐지 그러면",부스팅이 뭐지 그러면,"Boosting (부스팅) : 랜덤 샘플링된 데이터셋 여러 개로 여러 개의 모델 학습, 직전 모델이 오답을 한 데이터의 가중치를 높여서 순차 학습",
182,valid,"(제공된 정보) Stacking (스태킹) : 학습 데이터의 개별 모델들의 예측값을 입력, 실제 출력값을 출력하는 메타 모델을 만들고, 메타 모델 예측값을 최종 예측값으로 사용 (사용자 질문) Stacking 이라고 아주 복잡한 방법인 거 같은데 정확히 알려줘",Stacking 이라고 아주 복잡한 방법인 거 같은데 정확히 알려줘,"Stacking (스태킹) : 학습 데이터의 개별 모델들의 예측값을 입력, 실제 출력값을 출력하는 메타 모델을 만들고, 메타 모델 예측값을 최종 예측값으로 사용",
183,valid,(제공된 정보) Gaussian Mixture (가우시안 혼합) : 가우시안 분포 (정규분포) 의 혼합을 통해 데이터를 근사하는 머신러닝 알고리즘 (사용자 질문) 가우시안 혼합? 그게 뭐야?,가우시안 혼합? 그게 뭐야?,Gaussian Mixture (가우시안 혼합) : 가우시안 분포 (정규분포) 의 혼합을 통해 데이터를 근사하는 머신러닝 알고리즘,
184,valid,(제공된 정보) Gaussian Mixture (가우시안 혼합) : 가우시안 분포 (정규분포) 의 혼합을 통해 데이터를 근사하는 머신러닝 알고리즘 (사용자 질문) Gaussian Mixture 어려운 것 같은데 뭐야?,Gaussian Mixture 어려운 것 같은데 뭐야?,Gaussian Mixture (가우시안 혼합) : 가우시안 분포 (정규분포) 의 혼합을 통해 데이터를 근사하는 머신러닝 알고리즘,
185,valid,"(제공된 정보) K-means Clustering : 비지도학습 방법으로, 데이터를 K개의 클러스터 (집단) 으로 나누는 방법 (사용자 질문) K-means Clustering 너 알지?",K-means Clustering 너 알지?,"K-means Clustering : 비지도학습 방법으로, 데이터를 K개의 클러스터 (집단) 으로 나누는 방법",
186,valid,"(제공된 정보) K-means Clustering 방법 : feature space 에서 K개의 점을 임의 지정 후, 각 data point 를 가장 가까운 점에 할당 -> K개의 각 점을 매칭되는 data point 의 값으로 갱신을 수렴할 때까지 반복 (사용자 질문) K-means Clustering 방법",K-means Clustering 방법,"K-means Clustering 방법 : feature space 에서 K개의 점을 임의 지정 후, 각 data point 를 가장 가까운 점에 할당 -> K개의 각 점을 매칭되는 data point 의 값으로 갱신을 수렴할 때까지 반복",
187,valid,"(제공된 정보) kNN (k-Nearest-Neighbor) : 어떤 data point 를 분류할 때, 가장 가까운 k개의 data point 의 Class 값 중 빈도가 가장 큰 Class 로 예측 (사용자 질문) KNN 알고리즘 알려줘",KNN 알고리즘 알려줘,"kNN (k-Nearest-Neighbor) : 어떤 data point 를 분류할 때, 가장 가까운 k개의 data point 의 Class 값 중 빈도가 가장 큰 Class 로 예측",
188,valid,"(제공된 정보) kNN (k-Nearest-Neighbor) : 어떤 data point 를 분류할 때, 가장 가까운 k개의 data point 의 Class 값 중 빈도가 가장 큰 Class 로 예측 (사용자 질문) k Nearest Neighbor 가 도대체 어떤 알고리즘이야?",k Nearest Neighbor 가 도대체 어떤 알고리즘이야?,"kNN (k-Nearest-Neighbor) : 어떤 data point 를 분류할 때, 가장 가까운 k개의 data point 의 Class 값 중 빈도가 가장 큰 Class 로 예측",
189,valid,"(제공된 정보) 지도학습, 비지도학습, 강화학습 : 지도학습은 입력값 및 출력값을 학습 데이터로 하며, 출력값 (label) 필요 | 비지도학습은 출력값 (label) 이 없는 방식의 학습 | 강화학습은 AI 모델이 환경에서 어떤 행동을 하고, 그 보상을 받아서 보상을 최대화하는 방식의 학습 (사용자 질문) 지도학습 강화학습 비지도학습 이런게 뭐지",지도학습 강화학습 비지도학습 이런게 뭐지,"지도학습, 비지도학습, 강화학습 : 지도학습은 입력값 및 출력값을 학습 데이터로 하며, 출력값 (label) 필요 | 비지도학습은 출력값 (label) 이 없는 방식의 학습 | 강화학습은 AI 모델이 환경에서 어떤 행동을 하고, 그 보상을 받아서 보상을 최대화하는 방식의 학습",
190,valid,"(제공된 정보) 지도학습, 비지도학습, 강화학습 : 지도학습은 입력값 및 출력값을 학습 데이터로 하며, 출력값 (label) 필요 | 비지도학습은 출력값 (label) 이 없는 방식의 학습 | 강화학습은 AI 모델이 환경에서 어떤 행동을 하고, 그 보상을 받아서 보상을 최대화하는 방식의 학습 (사용자 질문) 머신러닝 방법 종류 알려줘",머신러닝 방법 종류 알려줘,"지도학습, 비지도학습, 강화학습 : 지도학습은 입력값 및 출력값을 학습 데이터로 하며, 출력값 (label) 필요 | 비지도학습은 출력값 (label) 이 없는 방식의 학습 | 강화학습은 AI 모델이 환경에서 어떤 행동을 하고, 그 보상을 받아서 보상을 최대화하는 방식의 학습",
191,valid,"(제공된 정보) 지도학습, 비지도학습, 강화학습 : 지도학습은 입력값 및 출력값을 학습 데이터로 하며, 출력값 (label) 필요 | 비지도학습은 출력값 (label) 이 없는 방식의 학습 | 강화학습은 AI 모델이 환경에서 어떤 행동을 하고, 그 보상을 받아서 보상을 최대화하는 방식의 학습 (사용자 질문) 지도학습? 강화학습? 이게 도대체 뭐야? 처음 들어 보는데",지도학습? 강화학습? 이게 도대체 뭐야? 처음 들어 보는데,"지도학습, 비지도학습, 강화학습 : 지도학습은 입력값 및 출력값을 학습 데이터로 하며, 출력값 (label) 필요 | 비지도학습은 출력값 (label) 이 없는 방식의 학습 | 강화학습은 AI 모델이 환경에서 어떤 행동을 하고, 그 보상을 받아서 보상을 최대화하는 방식의 학습",
192,valid,"(제공된 정보) 지도학습과 비지도학습의 차이 : 지도학습은 모델이 입력 값에 대해 특정 출력을 하도록 학습시키기 위한 출력값 (label) 이 있지만, 비지도학습은 출력값이 없음 (사용자 질문) 지도학습이랑 비지도랑 뭐가 달라 그러면?",지도학습이랑 비지도랑 뭐가 달라 그러면?,"지도학습과 비지도학습의 차이 : 지도학습은 모델이 입력 값에 대해 특정 출력을 하도록 학습시키기 위한 출력값 (label) 이 있지만, 비지도학습은 출력값이 없음",
193,valid,"(제공된 정보) Classification (분류) 및 Regression (회귀) : Classification 문제는 대상의 Class 를 분류 (예: 개, 고양이, 뱀) 하는 것 | Regression 문제는 연속적인 숫자 값 (예: 강수량) 을 예측하는 것 (사용자 질문) 머신러닝 문제에는 뭐가 있지?",머신러닝 문제에는 뭐가 있지?,"Classification (분류) 및 Regression (회귀) : Classification 문제는 대상의 Class 를 분류 (예: 개, 고양이, 뱀) 하는 것 | Regression 문제는 연속적인 숫자 값 (예: 강수량) 을 예측하는 것",
194,valid,"(제공된 정보) Classification (분류) 및 Regression (회귀) : Classification 문제는 대상의 Class 를 분류 (예: 개, 고양이, 뱀) 하는 것 | Regression 문제는 연속적인 숫자 값 (예: 강수량) 을 예측하는 것 (사용자 질문) 분류랑 회귀가 뭐야?",분류랑 회귀가 뭐야?,"Classification (분류) 및 Regression (회귀) : Classification 문제는 대상의 Class 를 분류 (예: 개, 고양이, 뱀) 하는 것 | Regression 문제는 연속적인 숫자 값 (예: 강수량) 을 예측하는 것",
195,valid,"(제공된 정보) Classification (분류) 및 Regression (회귀) : Classification 문제는 대상의 Class 를 분류 (예: 개, 고양이, 뱀) 하는 것 | Regression 문제는 연속적인 숫자 값 (예: 강수량) 을 예측하는 것 (사용자 질문) 머신러닝에 분류랑 회귀가 있다는데 그게 뭐야",머신러닝에 분류랑 회귀가 있다는데 그게 뭐야,"Classification (분류) 및 Regression (회귀) : Classification 문제는 대상의 Class 를 분류 (예: 개, 고양이, 뱀) 하는 것 | Regression 문제는 연속적인 숫자 값 (예: 강수량) 을 예측하는 것",
196,valid,"(제공된 정보) Naïve Bayes : 확률 기반 지도학습 분류 모델 | 핵심 아이디어: 각 Class 별 (전체 데이터 중 해당 Class 의 비율) x (새로운 데이터의 각 특징 조건 별 해당 Class 의 데이터의 비율의 곱) 을 계산하고, 그 값이 가장 큰 Class 로 예측 (사용자 질문) Naïve Bayes 뭐야",Naïve Bayes 뭐야,"Naïve Bayes : 확률 기반 지도학습 분류 모델 | 핵심 아이디어: 각 Class 별 (전체 데이터 중 해당 Class 의 비율) x (새로운 데이터의 각 특징 조건 별 해당 Class 의 데이터의 비율의 곱) 을 계산하고, 그 값이 가장 큰 Class 로 예측",
197,valid,"(제공된 정보) SVM (Support Vector Machine) : 2개의 Class 가 있을 때, 각 Class 에 속하는 원소들과의 거리가 가장 큰 '구분선'을 찾는 방식의 지도학습 알고리즘 (사용자 질문) 서포트 벡터 머신? 그게 뭐지? 알려줘!",서포트 벡터 머신? 그게 뭐지? 알려줘!,"SVM (Support Vector Machine) : 2개의 Class 가 있을 때, 각 Class 에 속하는 원소들과의 거리가 가장 큰 '구분선'을 찾는 방식의 지도학습 알고리즘",
198,valid,"(제공된 정보) SVM (Support Vector Machine) : 2개의 Class 가 있을 때, 각 Class 에 속하는 원소들과의 거리가 가장 큰 '구분선'을 찾는 방식의 지도학습 알고리즘 (사용자 질문) SVM 제발 알려줘 제발",SVM 제발 알려줘 제발,"SVM (Support Vector Machine) : 2개의 Class 가 있을 때, 각 Class 에 속하는 원소들과의 거리가 가장 큰 '구분선'을 찾는 방식의 지도학습 알고리즘",
199,valid,"(제공된 정보) K-fold Cross Validation : 학습 데이터셋을 크기가 같은 K 개의 fold 로 나누고, 각 fold 를 validation data 로, 나머지 fold 를 train data 로 하는 학습 방법 (사용자 질문) K-fold Cross Validation 정의",K-fold Cross Validation 정의,"K-fold Cross Validation : 학습 데이터셋을 크기가 같은 K 개의 fold 로 나누고, 각 fold 를 validation data 로, 나머지 fold 를 train data 로 하는 학습 방법",
200,valid,(제공된 정보) K-fold Cross Validation 사용 이유 : valid data 가 부족할 때 그 양을 늘리는 효과가 있음 (사용자 질문) K-fold Cross Validation 하는 이유는?,K-fold Cross Validation 하는 이유는?,K-fold Cross Validation 사용 이유 : valid data 가 부족할 때 그 양을 늘리는 효과가 있음,
201,valid,"(제공된 정보) 하이퍼파라미터 : 머신러닝 알고리즘을 통해 적절한 값을 찾는 것인 파라미터가 아니라, 그 알고리즘 설계 단계에서의 설정값 (사용자 질문) Hyper parameter 가 대체 뭐지",Hyper parameter 가 대체 뭐지,"하이퍼파라미터 : 머신러닝 알고리즘을 통해 적절한 값을 찾는 것인 파라미터가 아니라, 그 알고리즘 설계 단계에서의 설정값",
202,valid,"(제공된 정보) One-hot Encoding : 데이터셋의 각 데이터 (row) 를 특정 index 는 1, 나머지 index 는 모두 0으로 처리하는 방법 (사용자 질문) One-hot? 그것도 머신러닝 모델이야?",One-hot? 그것도 머신러닝 모델이야?,"One-hot Encoding : 데이터셋의 각 데이터 (row) 를 특정 index 는 1, 나머지 index 는 모두 0으로 처리하는 방법",
203,valid,(제공된 정보) Valid dataset 사용 이유 : 모델 학습 중 성능 평가 및 성능 개선을 위한 하이퍼파라미터 조정 등의 목적으로 사용 (사용자 질문) Valid 데이터 쓰는 이유가 궁금해,Valid 데이터 쓰는 이유가 궁금해,Valid dataset 사용 이유 : 모델 학습 중 성능 평가 및 성능 개선을 위한 하이퍼파라미터 조정 등의 목적으로 사용,
204,valid,"(제공된 정보) Train dataset 순서 섞기 이유 : 딥러닝에서 batch 단위로 학습 시 각 batch 가 전체 데이터셋 특징을 반영하게 함, 데이터 순서 자체에 대한 학습 방지 (사용자 질문) Train 데이터셋 순서 섞잖아. 왜 그러는 거야?",Train 데이터셋 순서 섞잖아. 왜 그러는 거야?,"Train dataset 순서 섞기 이유 : 딥러닝에서 batch 단위로 학습 시 각 batch 가 전체 데이터셋 특징을 반영하게 함, 데이터 순서 자체에 대한 학습 방지",
205,valid,"(제공된 정보) 인공지능, 머신러닝, 딥러닝 포함 관계 : 머신러닝은 인공지능에 포함, 딥러닝은 머신러닝에 포함 (사용자 질문) 인공지능 머신러닝 딥러닝의 관계는?",인공지능 머신러닝 딥러닝의 관계는?,"인공지능, 머신러닝, 딥러닝 포함 관계 : 머신러닝은 인공지능에 포함, 딥러닝은 머신러닝에 포함",
206,valid,"(제공된 정보) 인공지능 정의 : 사람의 인지 능력 (학습, 추론 등) 을 컴퓨터 알고리즘으로 구현하는 기술 (사용자 질문) 인공지능 정의",인공지능 정의,"인공지능 정의 : 사람의 인지 능력 (학습, 추론 등) 을 컴퓨터 알고리즘으로 구현하는 기술",
207,valid,"(제공된 정보) 머신러닝 정의 : 컴퓨터 알고리즘을 통해, 데이터의 패턴을 학습하여 새로운 데이터에 대해 추론하게 하는 기술 (사용자 질문) 머신러닝은 인공지능에 속하는 거 맞지?",머신러닝은 인공지능에 속하는 거 맞지?,"머신러닝 정의 : 컴퓨터 알고리즘을 통해, 데이터의 패턴을 학습하여 새로운 데이터에 대해 추론하게 하는 기술",
208,valid,(제공된 정보) 딥러닝 정의 : 사람의 두뇌를 모방한 인공신경망을 이용한 머신러닝 기술 (사용자 질문) 딥러닝이 뭔지 알려줘,딥러닝이 뭔지 알려줘,딥러닝 정의 : 사람의 두뇌를 모방한 인공신경망을 이용한 머신러닝 기술,
209,valid,(제공된 정보) Learning Rate (학습률) : 딥러닝 모델에서 오차 역전파를 하기 위한 미분값 (기울기) 에 곱하는 배수 (사용자 질문) 딥러닝의 learning rate 그게 뭐지?,딥러닝의 learning rate 그게 뭐지?,Learning Rate (학습률) : 딥러닝 모델에서 오차 역전파를 하기 위한 미분값 (기울기) 에 곱하는 배수,
210,valid,(제공된 정보) Learning Rate (학습률) : 딥러닝 모델에서 오차 역전파를 하기 위한 미분값 (기울기) 에 곱하는 배수 (사용자 질문) 학습률? Learning rate? 뭐야?,학습률? Learning rate? 뭐야?,Learning Rate (학습률) : 딥러닝 모델에서 오차 역전파를 하기 위한 미분값 (기울기) 에 곱하는 배수,
211,valid,"(제공된 정보) Loss Function (손실 함수) 예시 : MSE (Mean-Squared Error), Binary Cross Entropy, Categorical Cross Entropy (사용자 질문) 자주 쓰이는 손실 함수는 뭐가 있을까",자주 쓰이는 손실 함수는 뭐가 있을까,"Loss Function (손실 함수) 예시 : MSE (Mean-Squared Error), Binary Cross Entropy, Categorical Cross Entropy",
212,valid,(제공된 정보) Overfitting (과적합) : 딥러닝 모델 학습이 과도하게 train data 에 최적화되어 오히려 성능이 떨어지는 현상 (사용자 질문) 오버피팅이 뭐야,오버피팅이 뭐야,Overfitting (과적합) : 딥러닝 모델 학습이 과도하게 train data 에 최적화되어 오히려 성능이 떨어지는 현상,
213,valid,"(제공된 정보) Overfitting (과적합) 해결 방법 : Early Stopping, Cross Validation, Batch Normalization, Dropout 등 (사용자 질문) Overfitting 대체 어떻게 해결하지?",Overfitting 대체 어떻게 해결하지?,"Overfitting (과적합) 해결 방법 : Early Stopping, Cross Validation, Batch Normalization, Dropout 등",
214,valid,(제공된 정보) Transfer Learning (전이학습) : 이미 학습된 모델을 다른 문제에 최적화하도록 추가 학습시키는 것 (사용자 질문) 전이학습? 그게 뭐야 도대체?,전이학습? 그게 뭐야 도대체?,Transfer Learning (전이학습) : 이미 학습된 모델을 다른 문제에 최적화하도록 추가 학습시키는 것,
215,valid,(제공된 정보) Transfer Learning (전이학습) : 이미 학습된 모델을 다른 문제에 최적화하도록 추가 학습시키는 것 (사용자 질문) Transfer Learning 요즘 대세라던데 뭐야,Transfer Learning 요즘 대세라던데 뭐야,Transfer Learning (전이학습) : 이미 학습된 모델을 다른 문제에 최적화하도록 추가 학습시키는 것,
216,valid,"(제공된 정보) Activation Function (활성화 함수) : 딥러닝 신경망의 특정 층에서, 데이터의 총합을 변형하여 다음 층으로 전달하기 위한 함수 (사용자 질문) 활성화 함수? 뭐야?",활성화 함수? 뭐야?,"Activation Function (활성화 함수) : 딥러닝 신경망의 특정 층에서, 데이터의 총합을 변형하여 다음 층으로 전달하기 위한 함수",
217,valid,(제공된 정보) Activation Function (활성화 함수) 사용 이유 : 비선형의 활성화 함수가 없으면 아무리 학습해도 선형 결합만 학습 가능 (사용자 질문) 굳이 활성화 함수 왜 써?,굳이 활성화 함수 왜 써?,Activation Function (활성화 함수) 사용 이유 : 비선형의 활성화 함수가 없으면 아무리 학습해도 선형 결합만 학습 가능,
218,valid,"(제공된 정보) CNN (합성곱 신경망) : 인간의 시각 지능을 모방한 딥러닝 알고리즘으로, 이미지 인식을 위해 주로 사용 | 핵심 가정 : 이미지에서 이웃한 픽셀의 값이 서로 비슷함 (사용자 질문) CNN이 뭐야? 이미지 인식에 좋다던데",CNN이 뭐야? 이미지 인식에 좋다던데,"CNN (합성곱 신경망) : 인간의 시각 지능을 모방한 딥러닝 알고리즘으로, 이미지 인식을 위해 주로 사용 | 핵심 가정 : 이미지에서 이웃한 픽셀의 값이 서로 비슷함",
219,valid,"(제공된 정보) Large Language Model (LLM, 거대 언어 모델) : 텍스트로 주어지는 사용자의 질문에 대해 적절한 답변을 생성하는 생성형 AI 모델 (사용자 질문) LLM이 정확히 뭐야? 나도 AI 트렌드 따라잡자!!",LLM이 정확히 뭐야? 나도 AI 트렌드 따라잡자!!,"Large Language Model (LLM, 거대 언어 모델) : 텍스트로 주어지는 사용자의 질문에 대해 적절한 답변을 생성하는 생성형 AI 모델",
220,valid,(제공된 정보) 알맞은 정보를 찾을 수 없음 (사용자 질문) Probability 랑 Likelihood 의 차이를 자세히 알려줘,Probability 랑 Likelihood 의 차이를 자세히 알려줘,알맞은 정보를 찾을 수 없음,
221,valid,(제공된 정보) 알맞은 정보를 찾을 수 없음 (사용자 질문) tSNE 가 뭐야?,tSNE 가 뭐야?,알맞은 정보를 찾을 수 없음,
222,valid,(제공된 정보) 알맞은 정보를 찾을 수 없음 (사용자 질문) 가중치 초기화 중에서 Xavier 가 뭐야,가중치 초기화 중에서 Xavier 가 뭐야,알맞은 정보를 찾을 수 없음,
223,valid,(제공된 정보) 알맞은 정보를 찾을 수 없음 (사용자 질문) AdaGrad 랑 AdaDelta 가 뭔지 알려줘,AdaGrad 랑 AdaDelta 가 뭔지 알려줘,알맞은 정보를 찾을 수 없음,
224,valid,(제공된 정보) 알맞은 정보를 찾을 수 없음 (사용자 질문) 활성화 함수를 잘못 쓰는 경우는 어떤게 있을까,활성화 함수를 잘못 쓰는 경우는 어떤게 있을까,알맞은 정보를 찾을 수 없음,
225,valid,(제공된 정보) 알맞은 정보를 찾을 수 없음 (사용자 질문) LLM 의 CoT (Chain of Thought) 이 뭔지 궁금해,LLM 의 CoT (Chain of Thought) 이 뭔지 궁금해,알맞은 정보를 찾을 수 없음,
226,valid,(제공된 정보) 알맞은 정보를 찾을 수 없음 (사용자 질문) LLM 파인튜닝 중에서 LoRA 가 뭐야?,LLM 파인튜닝 중에서 LoRA 가 뭐야?,알맞은 정보를 찾을 수 없음,
227,valid,(제공된 정보) 알맞은 정보를 찾을 수 없음 (사용자 질문) LLM 성능 평가에 자주 쓰이는 벤치마크 데이터셋,LLM 성능 평가에 자주 쓰이는 벤치마크 데이터셋,알맞은 정보를 찾을 수 없음,
228,valid,(제공된 정보) 알맞은 정보를 찾을 수 없음 (사용자 질문) RAG 가 뭘 목표로 하는지 알려줘,RAG 가 뭘 목표로 하는지 알려줘,알맞은 정보를 찾을 수 없음,
229,valid,(제공된 정보) 알맞은 정보를 찾을 수 없음 (사용자 질문) 2030년에는 AGI가 나오겠지?,2030년에는 AGI가 나오겠지?,알맞은 정보를 찾을 수 없음,
